proteins	protein	genes	uniprot	compartment	sequence.id	sequence	molar_mass	lower_bound	upper_bound
protein_ABCC4_pc	protein_ABCC4	ABCC4	O15439	pc	O15439-1	MLPVYQEVKPNPLQDANLCSRVFFWWLNPLFKIGHKRRLEEDDMYSVLPEDRSQHLGEELQGFWDKEVLRAENDAQKPSLTRAIIKCYWKSYLVLGIFTLIEESAKVIQPIFLGKIINYFENYDPMDSVALNTAYAYATVLTFCTLILAILHHLYFYHVQCAGMRLRVAMCHMIYRKALRLSNMAMGKTTTGQIVNLLSNDVNKFDQVTVFLHFLWAGPLQAIAVTALLWMEIGISCLAGMAVLIILLPLQSCFGKLFSSLRSKTATFTDARIRTMNEVITGIRIIKMYAWEKSFSNLITNLRKKEISKILRSSCLRGMNLASFFSASKIIVFVTFTTYVLLGSVITASRVFVAVTLYGAVRLTVTLFFPSAIERVSEAIVSIRRIQTFLLLDEISQRNRQLPSDGKKMVHVQDFTAFWDKASETPTLQGLSFTVRPGELLAVVGPVGAGKSSLLSAVLGELAPSHGLVSVHGRIAYVSQQPWVFSGTLRSNILFGKKYEKERYEKVIKACALKKDLQLLEDGDLTVIGDRGTTLSGGQKARVNLARAVYQDADIYLLDDPLSAVDAEVSRHLFELCICQILHEKITILVTHQLQYLKAASQILILKDGKMVQKGTYTEFLKSGIDFGSLLKKDNEESEQPPVPGTPTLRNRTFSESSVWSQQSSRPSLKDGALESQDTENVPVTLSEENRSEGKVGFQAYKNYFRAGAHWIVFIFLILLNTAAQVAYVLQDWWLSYWANKQSMLNVTVNGGGNVTEKLDLNWYLGIYSGLTVATVLFGIARSLLVFYVLVNSSQTLHNKMFESILKAPVLFFDRNPIGRILNRFSKDIGHLDDLLPLTFLDFIQTLLQVVGVVSVAVAVIPWIAIPLVPLGIIFIFLRRYFLETSRDVKRLESTTRSPVFSHLSSSLQGLWTIRAYKAEERCQELFDAHQDLHSEAWFLFLTTSRWFAVRLDAICAMFVIIVAFGSLILAKTLDAGQVGLALSYALTLMGMFQWCVRQSAEVENMMISVERVIEYTDLEKEAPWEYQKRPPPAWPHEGVIIFDNVNFMYSPGGPLVLKHLTALIKSQEKVGIVGRTGAGKSSLISALFRLSEPEGKIWIDKILTTEIGLHDLRKKMSIIPQEPVLFTGTMRKNLDPFNEHTDEELWNALQEVQLKETIEDLPGKMDTELAESGSNFSVGQRQLVCLARAILRKNQILIIDEATANVDPRTDELIQKKIREKFAHCTVLTIAHRLNTIIDSDKIMVLDSGRLKEYDEPYVLLQNKESLFYKMVQQLGKAEAAALTETAKQVYFKRNYPHIGHTDHMVTNTSNGQPSTLTIFETAL	149532.394	0	1000000.0
protein_ABCE1_pc	protein_ABCE1	ABCE1	P61221	pc	P61221	MADKLTRIAIVNHDKCKPKKCRQECKKSCPVVRMGKLCIEVTPQSKIAWISETLCIGCGICIKKCPFGALSIVNLPSNLEKETTHRYCANAFKLHRLPIPRPGEVLGLVGTNGIGKSTALKILAGKQKPNLGKYDDPPDWQEILTYFRGSELQNYFTKILEDDLKAIIKPQYVDQIPKAAKGTVGSILDRKDETKTQAIVCQQLDLTHLKERNVEDLSGGELQRFACAVVCIQKADIFMFDEPSSYLDVKQRLKAAITIRSLINPDRYIIVVEHDLSVLDYLSDFICCLYGVPSAYGVVTMPFSVREGINIFLDGYVPTENLRFRDASLVFKVAETANEEEVKKMCMYKYPGMKKKMGEFELAIVAGEFTDSEIMVMLGENGTGKTTFIRMLAGRLKPDEGGEVPVLNVSYKPQKISPKSTGSVRQLLHEKIRDAYTHPQFVTDVMKPLQIENIIDQEVQTLSGGELQRVALALCLGKPADVYLIDEPSAYLDSEQRLMAARVVKRFILHAKKTAFVVEHDFIMATYLADRVIVFDGVPSKNTVANSPQTLLAGMNKFLSQLEITFRRDPNNYRPRINKLNSIKDVEQKKSGNYFFLDD	67322.844	0	1000000.0
protein_ACTA1_pc	protein_ACTA1	ACTA1	P68133	pc	P68133	MCDEDETTALVCDNGSGLVKAGFAGDDAPRAVFPSIVGRPRHQGVMVGMGQKDSYVGDEAQSKRGILTLKYPIEHGIITNWDDMEKIWHHTFYNELRVAPEEHPTLLTEAPLNPKANREKMTQIMFETFNVPAMYVAIQAVLSLYASGRTTGIVLDSGDGVTHNVPIYEGYALPHAIMRLDLAGRDLTDYLMKILTERGYSFVTTAEREIVRDIKEKLCYVALDFENEMATAASSSSLEKSYELPDGQVITIGNERFRCPETLFQPSFIGMESAGIHETTYNSIMKCDIDIRKDLYANNVMSGGTTMYPGIADRMQKEITALAPSTMKIKIIAPPERKYSVWIGGSILASLSTFQQMWITKQEYDEAGPSIVHRKCF	42037.595	0	1000000.0
protein_ACTB_pc	protein_ACTB	ACTB	P60709	pc	P60709	MDDDIAALVVDNGSGMCKAGFAGDDAPRAVFPSIVGRPRHQGVMVGMGQKDSYVGDEAQSKRGILTLKYPIEHGIVTNWDDMEKIWHHTFYNELRVAPEEHPVLLTEAPLNPKANREKMTQIMFETFNTPAMYVAIQAVLSLYASGRTTGIVMDSGDGVTHTVPIYEGYALPHAILRLDLAGRDLTDYLMKILTERGYSFTTTAEREIVRDIKEKLCYVALDFEQEMATAASSSSLEKSYELPDGQVITIGNERFRCPEALFQPSFLGMESCGIHETTFNSIMKCDVDIRKDLYANTVLSGGTTMYPGIADRMQKEITALAPSTMKIKIIAPPERKYSVWIGGSILASLSTFQQMWISKQEYDESGPSIVHRKCF	41724.308	0	1000000.0
protein_ACTC1_pc	protein_ACTC1	ACTC1	P68032	pc	P68032	MCDDEETTALVCDNGSGLVKAGFAGDDAPRAVFPSIVGRPRHQGVMVGMGQKDSYVGDEAQSKRGILTLKYPIEHGIITNWDDMEKIWHHTFYNELRVAPEEHPTLLTEAPLNPKANREKMTQIMFETFNVPAMYVAIQAVLSLYASGRTTGIVLDSGDGVTHNVPIYEGYALPHAIMRLDLAGRDLTDYLMKILTERGYSFVTTAEREIVRDIKEKLCYVALDFENEMATAASSSSLEKSYELPDGQVITIGNERFRCPETLFQPSFIGMESAGIHETTYNSIMKCDIDIRKDLYANNVLSGGTTMYPGIADRMQKEITALAPSTMKIKIIAPPERKYSVWIGGSILASLSTFQQMWISKQEYDEAGPSIVHRKCF	42005.531	0	1000000.0
protein_ACTG1_pc	protein_ACTG1	ACTG1	P63261	pc	P63261	MEEEIAALVIDNGSGMCKAGFAGDDAPRAVFPSIVGRPRHQGVMVGMGQKDSYVGDEAQSKRGILTLKYPIEHGIVTNWDDMEKIWHHTFYNELRVAPEEHPVLLTEAPLNPKANREKMTQIMFETFNTPAMYVAIQAVLSLYASGRTTGIVMDSGDGVTHTVPIYEGYALPHAILRLDLAGRDLTDYLMKILTERGYSFTTTAEREIVRDIKEKLCYVALDFEQEMATAASSSSLEKSYELPDGQVITIGNERFRCPEALFQPSFLGMESCGIHETTFNSIMKCDVDIRKDLYANTVLSGGTTMYPGIADRMQKEITALAPSTMKIKIIAPPERKYSVWIGGSILASLSTFQQMWISKQEYDESGPSIVHRKCF	41780.413	0	1000000.0
protein_ACTG2_pc	protein_ACTG2	ACTG2	P63267	pc	P63267-1	MCEEETTALVCDNGSGLCKAGFAGDDAPRAVFPSIVGRPRHQGVMVGMGQKDSYVGDEAQSKRGILTLKYPIEHGIITNWDDMEKIWHHSFYNELRVAPEEHPTLLTEAPLNPKANREKMTQIMFETFNVPAMYVAIQAVLSLYASGRTTGIVLDSGDGVTHNVPIYEGYALPHAIMRLDLAGRDLTDYLMKILTERGYSFVTTAEREIVRDIKEKLCYVALDFENEMATAASSSSLEKSYELPDGQVITIGNERFRCPETLFQPSFIGMESAGIHETTYNSIMKCDIDIRKDLYANNVLSGGTTMYPGIADRMQKEITALAPSTMKIKIIAPPERKYSVWIGGSILASLSTFQQMWISKPEYDEAGPSIVHRKCF	41864.449	0	1000000.0
protein_ADA_pc	protein_ADA	ADA	P00813	pc	P00813	MAQTPAFDKPKVELHVHLDGSIKPETILYYGRRRGIALPANTAEGLLNVIGMDKPLTLPDFLAKFDYYMPAIAGCREAIKRIAYEFVEMKAKEGVVYVEVRYSPHLLANSKVEPIPWNQAEGDLTPDEVVALVGQGLQEGERDFGVKARSILCCMRHQPNWSPKVVELCKKYQQQTVVAIDLAGDETIPGSSLLPGHVQAYQEAVKSGIHRTVHAGEVGSAEVVKEAVDILKTERLGHGYHTLEDQALYNRLRQENMHFEICPWSSYLTGAWKPDTEHAVIRLKNDQANYSLNTDDPLIFKSTLDTDYQMTKRDMGFTEEEFKRLNINAAKSSFLPEDEKRELLDLLYKAYGMPPSASAGQNL	40753.998	0	1000000.0
protein_ADK_pc	protein_ADK	ADK	P55263	pc	P55263-1	MAAAEEEPKPKKLKVEAPQALRENILFGMGNPLLDISAVVDKDFLDKYSLKPNDQILAEDKHKELFDELVKKFKVEYHAGGSTQNSIKVAQWMIQQPHKAATFFGCIGIDKFGEILKRKAAEAHVDAHYYEQNEQPTGTCAACITGDNRSLIANLAAANCYKKEKHLDLEKNWMLVEKARVCYIAGFFLTVSPESVLKVAHHASENNRIFTLNLSAPFISQFYKESLMKVMPYVDILFGNETEAATFAREQGFETKDIKEIAKKTQALPKMNSKRQRIVIFTQGRDDTIMATESEVTAFAVLDQDQKEIIDTNGAGDAFVGGFLSQLVSDKPLTECIRAGHYAASIIIRRTGCTFPEKPDFH	40541.038	0	1000000.0
protein_AK1_pc	protein_AK1	AK1	P00568	pc	P00568	MEEKLKKTKIIFVVGGPGSGKGTQCEKIVQKYGYTHLSTGDLLRSEVSSGSARGKKLSEIMEKGQLVPLETVLDMLRDAMVAKVNTSKGFLIDGYPREVQQGEEFERRIGQPTLLLYVDAGPETMTQRLLKRGETSGRVDDNEETIKKRLETYYKATEPVIAFYEKRGIVRKVNAEGSVDSVFSQVCTHLDALK	21637.678	0	1000000.0
protein_ALDOA_pc	protein_ALDOA	ALDOA	P04075	pc	P04075-1	MPYQYPALTPEQKKELSDIAHRIVAPGKGILAADESTGSIAKRLQSIGTENTEENRRFYRQLLLTADDRVNPCIGGVILFHETLYQKADDGRPFPQVIKSKGGVVGIKVDKGVVPLAGTNGETTTQGLDGLSERCAQYKKDGADFAKWRCVLKIGEHTPSALAIMENANVLARYASICQQNGIVPIVEPEILPDGDHDLKRCQYVTEKVLAAVYKALSDHHIYLEGTLLKPNMVTPGHACTQKFSHEEIAMATVTALRRTVPPAVTGITFLSGGQSEEEASINLNAINKCPLLKPWALTFSYGRALQASALKAWGGKKENLKAAQEEYVKRALANSLACQGKYTPSGQAGAAASESLFVSNHAY	39422.685	0	1000000.0
protein_ALDOB_pc	protein_ALDOB	ALDOB	P05062	pc	P05062	MAHRFPALTQEQKKELSEIAQSIVANGKGILAADESVGTMGNRLQRIKVENTEENRRQFREILFSVDSSINQSIGGVILFHETLYQKDSQGKLFRNILKEKGIVVGIKLDQGGAPLAGTNKETTIQGLDGLSERCAQYKKDGVDFGKWRAVLRIADQCPSSLAIQENANALARYASICQQNGLVPIVEPEVIPDGDHDLEHCQYVTEKVLAAVYKALNDHHVYLEGTLLKPNMVTAGHACTKKYTPEQVAMATVTALHRTVPAAVPGICFLSGGMSEEDATLNLNAINLCPLPKPWKLSFSYGRALQASALAAWGGKAANKEATQEAFMKRAMANCQAAKGQYVHTGSSGAASTQSLFTACYTY	39474.7	0	1000000.0
protein_ALDOC_pc	protein_ALDOC	ALDOC	P09972	pc	P09972	MPHSYPALSAEQKKELSDIALRIVAPGKGILAADESVGSMAKRLSQIGVENTEENRRLYRQVLFSADDRVKKCIGGVIFFHETLYQKDDNGVPFVRTIQDKGIVVGIKVDKGVVPLAGTDGETTTQGLDGLSERCAQYKKDGADFAKWRCVLKISERTPSALAILENANVLARYASICQQNGIVPIVEPEILPDGDHDLKRCQYVTEKVLAAVYKALSDHHVYLEGTLLKPNMVTPGHACPIKYTPEEIAMATVTALRRTVPPAVPGVTFLSGGQSEEEASFNLNAINRCPLPRPWALTFSYGRALQASALNAWRGQRDNAGAATEEFIKRAEVNGLAAQGKYEGSGEDGGAAAQSLYIANHAY	39453.486	0	1000000.0
protein_AMPD3_pc	protein_AMPD3	AMPD3	Q01432	pc	Q01432-1	MPRQFPKLNISEVDEQVRLLAEKVFAKVLREEDSKDALSLFTVPEDCPIGQKEAKERELQKELAEQKSVETAKRKKSFKMIRSQSLSLQMPPQQDWKGPPAASPAMSPTTPVVTGATSLPTPAPYAMPEFQRVTISGDYCAGITLEDYEQAAKSLAKALMIREKYARLAYHRFPRITSQYLGHPRADTAPPEEGLPDFHPPPLPQEDPYCLDDAPPNLDYLVHMQGGILFVYDNKKMLEHQEPHSLPYPDLETYTVDMSHILALITDGPTKTYCHRRLNFLESKFSLHEMLNEMSEFKELKSNPHRDFYNVRKVDTHIHAAACMNQKHLLRFIKHTYQTEPDRTVAEKRGRKITLRQVFDGLHMDPYDLTVDSLDVHAGRQTFHRFDKFNSKYNPVGASELRDLYLKTENYLGGEYFARMVKEVARELEESKYQYSEPRLSIYGRSPEEWPNLAYWFIQHKVYSPNMRWIIQVPRIYDIFRSKKLLPNFGKMLENIFLPLFKATINPQDHRELHLFLKYVTGFDSVDDESKHSDHMFSDKSPNPDVWTSEQNPPYSYYLYYMYANIMVLNNLRRERGLSTFLFRPHCGEAGSITHLVSAFLTADNISHGLLLKKSPVLQYLYYLAQIPIAMSPLSNNSLFLEYSKNPLREFLHKGLHVSLSTDDPMQFHYTKEALMEEYAIAAQVWKLSTCDLCEIARNSVLQSGLSHQEKQKFLGQNYYKEGPEGNDIRKTNVAQIRMAFRYETLCNELSFLSDAMKSEEITALTN	88804.418	0	1000000.0
protein_APRT_pc	protein_APRT	APRT	P07741	pc	P07741-1	MADSELQLVEQRIRSFPDFPTPGVVFRDISPVLKDPASFRAAIGLLARHLKATHGGRIDYIAGLDSRGFLFGPSLAQELGLGCVLIRKRGKLPGPTLWASYSLEYGKAELEIQKDALEPGQRVVVVDDLLATGGTMNAACELLGRLQAEVLECVSLVELTSLKGREKLAPVPFFSLLQYE	19605.564	0	1000000.0
protein_AQP1_pc	protein_AQP1	AQP1	P29972	pc	P29972-1	MASEFKKKLFWRAVVAEFLATTLFVFISIGSALGFKYPVGNNQTAVQDNVKVSLAFGLSIATLAQSVGHISGAHLNPAVTLGLLLSCQISIFRALMYIIAQCVGAIVATAILSGITSSLTGNSLGRNDLADGVNSGQGLGIEIIGTLQLVLCVLATTDRRRRDLGGSAPLAIGLSVALGHLLAIDYTGCGINPARSFGSAVITHNFSNHWIFWVGPFIGGALAVLIYDFILAPRSSDLTDRVKVWTSGQVEEYDLDADDINSRVEMKPK	28525.747	0	1000000.0
protein_AQP3_pc	protein_AQP3	AQP3	Q92482	pc	Q92482-1	MGRQKELVSRCGEMLHIRYRLLRQALAECLGTLILVMFGCGSVAQVVLSRGTHGGFLTINLAFGFAVTLGILIAGQVSGAHLNPAVTFAMCFLAREPWIKLPIYTLAQTLGAFLGAGIVFGLYYDAIWHFADNQLFVSGPNGTAGIFATYPSGHLDMINGFFDQFIGTASLIVCVLAIVDPYNNPVPRGLEAFTVGLVVLVIGTSMGFNSGYAVNPARDFGPRLFTALAGWGSAVFTTGQHWWWVPIVSPLLGSIAGVFVYQLMIGCHLEQPPPSNEEENVKLAHVKHKEQI	31542.527	0	1000000.0
protein_ATP1A1_pc	protein_ATP1A1	ATP1A1	P05023	pc	P05023-1	MGKGVGRDKYEPAAVSEQGDKKGKKGKKDRDMDELKKEVSMDDHKLSLDELHRKYGTDLSRGLTSARAAEILARDGPNALTPPPTTPEWIKFCRQLFGGFSMLLWIGAILCFLAYSIQAATEEEPQNDNLYLGVVLSAVVIITGCFSYYQEAKSSKIMESFKNMVPQQALVIRNGEKMSINAEEVVVGDLVEVKGGDRIPADLRIISANGCKVDNSSLTGESEPQTRSPDFTNENPLETRNIAFFSTNCVEGTARGIVVYTGDRTVMGRIATLASGLEGGQTPIAAEIEHFIHIITGVAVFLGVSFFILSLILEYTWLEAVIFLIGIIVANVPEGLLATVTVCLTLTAKRMARKNCLVKNLEAVETLGSTSTICSDKTGTLTQNRMTVAHMWFDNQIHEADTTENQSGVSFDKTSATWLALSRIAGLCNRAVFQANQENLPILKRAVAGDASESALLKCIELCCGSVKEMRERYAKIVEIPFNSTNKYQLSIHKNPNTSEPQHLLVMKGAPERILDRCSSILLHGKEQPLDEELKDAFQNAYLELGGLGERVLGFCHLFLPDEQFPEGFQFDTDDVNFPIDNLCFVGLISMIDPPRAAVPDAVGKCRSAGIKVIMVTGDHPITAKAIAKGVGIISEGNETVEDIAARLNIPVSQVNPRDAKACVVHGSDLKDMTSEQLDDILKYHTEIVFARTSPQQKLIIVEGCQRQGAIVAVTGDGVNDSPALKKADIGVAMGIAGSDVSKQAADMILLDDNFASIVTGVEEGRLIFDNLKKSIAYTLTSNIPEITPFLIFIIANIPLPLGTVTILCIDLGTDMVPAISLAYEQAESDIMKRQPRNPKTDKLVNERLISMAYGQIGMIQALGGFFTYFVILAENGFLPIHLLGLRVDWDDRWINDVEDSYGQQWTYEQRKIVEFTCHTAFFVSIVVVQWADLVICKTRRNSVFQQGMKNKILIFGLFEETALAAFLSYCPGMGVALRMYPLKPTWWFCAFPYSLLIFVYDEVRKLIIRRRPGGWVEKETYY	112871.932	0	1000000.0
protein_ATP1A3_pc	protein_ATP1A3	ATP1A3	P13637	pc	P13637-1	MGDKKDDKDSPKKNKGKERRDLDDLKKEVAMTEHKMSVEEVCRKYNTDCVQGLTHSKAQEILARDGPNALTPPPTTPEWVKFCRQLFGGFSILLWIGAILCFLAYGIQAGTEDDPSGDNLYLGIVLAAVVIITGCFSYYQEAKSSKIMESFKNMVPQQALVIREGEKMQVNAEEVVVGDLVEIKGGDRVPADLRIISAHGCKVDNSSLTGESEPQTRSPDCTHDNPLETRNITFFSTNCVEGTARGVVVATGDRTVMGRIATLASGLEVGKTPIAIEIEHFIQLITGVAVFLGVSFFILSLILGYTWLEAVIFLIGIIVANVPEGLLATVTVCLTLTAKRMARKNCLVKNLEAVETLGSTSTICSDKTGTLTQNRMTVAHMWFDNQIHEADTTEDQSGTSFDKSSHTWVALSHIAGLCNRAVFKGGQDNIPVLKRDVAGDASESALLKCIELSSGSVKLMRERNKKVAEIPFNSTNKYQLSIHETEDPNDNRYLLVMKGAPERILDRCSTILLQGKEQPLDEEMKEAFQNAYLELGGLGERVLGFCHYYLPEEQFPKGFAFDCDDVNFTTDNLCFVGLMSMIDPPRAAVPDAVGKCRSAGIKVIMVTGDHPITAKAIAKGVGIISEGNETVEDIAARLNIPVSQVNPRDAKACVIHGTDLKDFTSEQIDEILQNHTEIVFARTSPQQKLIIVEGCQRQGAIVAVTGDGVNDSPALKKADIGVAMGIAGSDVSKQAADMILLDDNFASIVTGVEEGRLIFDNLKKSIAYTLTSNIPEITPFLLFIMANIPLPLGTITILCIDLGTDMVPAISLAYEAAESDIMKRQPRNPRTDKLVNERLISMAYGQIGMIQALGGFFSYFVILAENGFLPGNLVGIRLNWDDRTVNDLEDSYGQQWTYEQRKVVEFTCHTAFFVSIVVVQWADLIICKTRRNSVFQQGMKNKILIFGLFEETALAAFLSYCPGMDVALRMYPLKPSWWFCAFPYSFLIFVYDEIRKLILRRNPGGWVEKETYY	111721.385	0	1000000.0
protein_ATP1A4_pc	protein_ATP1A4	ATP1A4	Q13733	pc	Q13733-1	MGLWGKKGTVAPHDQSPRRRPKKGLIKKKMVKREKQKRNMEELKKEVVMDDHKLTLEELSTKYSVDLTKGHSHQRAKEILTRGGPNTVTPPPTTPEWVKFCKQLFGGFSLLLWTGAILCFVAYSIQIYFNEEPTKDNLYLSIVLSVVVIVTGCFSYYQEAKSSKIMESFKNMVPQQALVIRGGEKMQINVQEVVLGDLVEIKGGDRVPADLRLISAQGCKVDNSSLTGESEPQSRSPDFTHENPLETRNICFFSTNCVEGTARGIVIATGDSTVMGRIASLTSGLAVGQTPIAAEIEHFIHLITVVAVFLGVTFFALSLLLGYGWLEAIIFLIGIIVANVPEGLLATVTVCLTLTAKRMARKNCLVKNLEAVETLGSTSTICSDKTGTLTQNRMTVAHMWFDMTVYEADTTEEQTGKTFTKSSDTWFMLARIAGLCNRADFKANQEILPIAKRATTGDASESALLKFIEQSYSSVAEMREKNPKVAEIPFNSTNKYQMSIHLREDSSQTHVLMMKGAPERILEFCSTFLLNGQEYSMNDEMKEAFQNAYLELGGLGERVLGFCFLNLPSSFSKGFPFNTDEINFPMDNLCFVGLISMIDPPRAAVPDAVSKCRSAGIKVIMVTGDHPITAKAIAKGVGIISEGTETAEEVAARLKIPISKVDASAAKAIVVHGAELKDIQSKQLDQILQNHPEIVFARTSPQQKLIIVEGCQRLGAVVAVTGDGVNDSPALKKADIGIAMGISGSDVSKQAADMILLDDNFASIVTGVEEGRLIFDNLKKSIMYTLTSNIPEITPFLMFIILGIPLPLGTITILCIDLGTDMVPAISLAYESAESDIMKRLPRNPKTDNLVNHRLIGMAYGQIGMIQALAGFFTYFVILAENGFRPVDLLGIRLHWEDKYLNDLEDSYGQQWTYEQRKVVEFTCQTAFFVTIVVVQWADLIISKTRRNSLFQQGMRNKVLIFGILEETLLAAFLSYTPGMDVALRMYPLKITWWLCAIPYSILIFVYDEIRKLLIRQHPDGWVERETYY	114158.42	0	1000000.0
protein_ATP1B1_pc	protein_ATP1B1	ATP1B1	P05026	pc	P05026-1	MARGKAKEEGSWKKFIWNSEKKEFLGRTGGSWFKILLFYVIFYGCLAGIFIGTIQVMLLTISEFKPTYQDRVAPPGLTQIPQIQKTEISFRPNDPKSYEAYVLNIVRFLEKYKDSAQRDDMIFEDCGDVPSEPKERGDFNHERGERKVCRFKLEWLGNCSGLNDETYGYKEGKPCIIIKLNRVLGFKPKPPKNESLETYPVMKYNPNVLPVQCTGKRDEDKDKVGNVEYFGLGNSPGFPLQYYPYYGKLLQPKYLQPLLAVQFTNLTMDTEIRIECKAYGENIGYSEKDRFQGRFDVKIEVKS	35067.029	0	1000000.0
protein_ATP1B2_pc	protein_ATP1B2	ATP1B2	P14415	pc	P14415	MVIQKEKKSCGQVVEEWKEFVWNPRTHQFMGRTGTSWAFILLFYLVFYGFLTAMFTLTMWVMLQTVSDHTPKYQDRLATPGLMIRPKTENLDVIVNVSDTESWDQHVQKLNKFLEPYNDSIQAQKNDVCRPGRYYEQPDNGVLNYPKRACQFNRTQLGNCSGIGDSTHYGYSTGQPCVFIKMNRVINFYAGANQSMNVTCAGKRDEDAENLGNFVMFPANGNIDLMYFPYYGKKFHVNYTQPLVAVKFLNVTPNVEVNVECRINAANIATDDERDKFAGRVAFKLRINKT	33370.806	0	1000000.0
protein_ATP1B3_pc	protein_ATP1B3	ATP1B3	P54709	pc	P54709-1	MTKNEKKSLNQSLAEWKLFIYNPTTGEFLGRTAKSWGLILLFYLVFYGFLAALFSFTMWVMLQTLNDEVPKYRDQIPSPGLMVFPKPVTALEYTFSRSDPTSYAGYIEDLKKFLKPYTLEEQKNLTVCPDGALFEQKGPVYVACQFPISLLQACSGMNDPDFGYSQGNPCILVKMNRIIGLKPEGVPRIDCVSKNEDIPNVAVYPHNGMIDLKYFPYYGKKLHVGYLQPLVAVQVSFAPNNTGKEVTVECKIDGSANLKSQDDRDKFLGRVMFKITARA	31516.333	0	1000000.0
protein_ATP2B1_pc	protein_ATP2B1	ATP2B1	P20020	pc	P20020-3	MGDMANNSVAYSGVKNSLKEANHDGDFGITLAELRALMELRSTDALRKIQESYGDVYGICTKLKTSPNEGLSGNPADLERREAVFGKNFIPPKKPKTFLQLVWEALQDVTLIILEIAAIVSLGLSFYQPPEGDNALCGEVSVGEEEGEGETGWIEGAAILLSVVCVVLVTAFNDWSKEKQFRGLQSRIEQEQKFTVIRGGQVIQIPVADITVGDIAQVKYGDLLPADGILIQGNDLKIDESSLTGESDHVKKSLDKDPLLLSGTHVMEGSGRMVVTAVGVNSQTGIIFTLLGAGGEEEEKKDEKKKEKKNKKQDGAIENRNKAKAQDGAAMEMQPLKSEEGGDGDEKDKKKANLPKKEKSVLQGKLTKLAVQIGKAGLLMSAITVIILVLYFVIDTFWVQKRPWLAECTPIYIQYFVKFFIIGVTVLVVAVPEGLPLAVTISLAYSVKKMMKDNNLVRHLDACETMGNATAICSDKTGTLTMNRMTVVQAYINEKHYKKVPEPEAIPPNILSYLVTGISVNCAYTSKILPPEKEGGLPRHVGNKTECALLGLLLDLKRDYQDVRNEIPEEALYKVYTFNSVRKSMSTVLKNSDGSYRIFSKGASEIILKKCFKILSANGEAKVFRPRDRDDIVKTVIEPMASEGLRTICLAFRDFPAGEPEPEWDNENDIVTGLTCIAVVGIEDPVRPEVPDAIKKCQRAGITVRMVTGDNINTARAIATKCGILHPGEDFLCLEGKDFNRRIRNEKGEIEQERIDKIWPKLRVLARSSPTDKHTLVKGIIDSTVSDQRQVVAVTGDGTNDGPALKKADVGFAMGIAGTDVAKEASDIILTDDNFTSIVKAVMWGRNVYDSISKFLQFQLTVNVVAVIVAFTGACITQDSPLKAVQMLWVNLIMDTLASLALATEPPTESLLLRKPYGRNKPLISRTMMKNILGHAFYQLVVVFTLLFAGEKFFDIDSGRNAPLHAPPSEHYTIVFNTFVLMQLFNEINARKIHGERNVFEGIFNNAIFCTIVLGTFVVQIIIVQFGGKPFSCSELSIEQWLWSIFLGMGTLLWGQLISTIPTSRLKFLKEAGHGTQKEEIPEEELAEDVEEIDHAERELRRGQILWFRGLNRIQTQIRVVNAFRSSLYEGLEKPESRSSIHNFMTHPEFRIEDSEPHIPLIDDTDAEDDAPTKRNSSPPPSPNKNNNAVDSGIHLTIEMNKSATSSSPGSPLHSLETSL	134663.38700000002	0	1000000.0
protein_ATP2B4_pc	protein_ATP2B4	ATP2B4	P23634	pc	P23634-1	MTNPSDRVLPANSMAESREGDFGCTVMELRKLMELRSRDALTQINVHYGGVQNLCSRLKTSPVEGLSGNPADLEKRRQVFGHNVIPPKKPKTFLELVWEALQDVTLIILEIAAIISLVLSFYRPAGEENELCGQVATTPEDENEAQAGWIEGAAILFSVIIVVLVTAFNDWSKEKQFRGLQCRIEQEQKFSIIRNGQLIQLPVAEIVVGDIAQVKYGDLLPADGILIQGNDLKIDESSLTGESDHVKKSLDKDPMLLSGTHVMEGSGRMVVTAVGVNSQTGIILTLLGVNEDDEGEKKKKGKKQGVPENRNKAKTQDGVALEIQPLNSQEGIDNEEKDKKAVKVPKKEKSVLQGKLTRLAVQIGKAGLLMSALTVFILILYFVIDNFVINRRPWLPECTPIYIQYFVKFFIIGITVLVVAVPEGLPLAVTISLAYSVKKMMKDNNLVRHLDACETMGNATAICSDKTGTLTMNRMTVVQAYIGGIHYRQIPSPDVFLPKVLDLIVNGISINSAYTSKILPPEKEGGLPRQVGNKTECALLGFVTDLKQDYQAVRNEVPEEKLYKVYTFNSVRKSMSTVIRNPNGGFRMYSKGASEIILRKCNRILDRKGEAVPFKNKDRDDMVRTVIEPMACDGLRTICIAYRDFDDTEPSWDNENEILTELTCIAVVGIEDPVRPEVPDAIAKCKQAGITVRMVTGDNINTARAIATKCGILTPGDDFLCLEGKEFNRLIRNEKGEVEQEKLDKIWPKLRVLARSSPTDKHTLVKGIIDSTVGEHRQVVAVTGDGTNDGPALKKADVGFAMGIAGTDVAKEASDIILTDDNFTSIVKAVMWGRNVYDSISKFLQFQLTVNVVAVIVAFTGACITQDSPLKAVQMLWVNLIMDTFASLALATEPPTESLLKRRPYGRNKPLISRTMMKNILGHAFYQLIVIFILVFAGEKFFDIDSGRKAPLHSPPSQHYTIVFNTFVLMQLFNEINSRKIHGEKNVFSGIYRNIIFCSVVLGTFICQIFIVEFGGKPFSCTSLSLSQWLWCLFIGIGELLWGQFISAIPTRSLKFLKEAGHGTTKEEITKDAEGLDEIDHAEMELRRGQILWFRGLNRIQTQIDVINTFQTGASFKGVLRRQNMGQHLDVKLVPSSSYIKVVKAFHSSLHESIQKPYNQKSIHSFMTHPEFAIEEELPRTPLLDEEEEENPDKASKFGTRVLLLDGEVTPYANTNNNAVDCNQVQLPQSDSSLQSLETSV	137909.84300000002	0	1000000.0
protein_BLVRA_pc	protein_BLVRA	BLVRA	P53004	pc	P53004	MNAEPERKFGVVVVGVGRAGSVRMRDLRNPHPSSAFLNLIGFVSRRELGSIDGVQQISLEDALSSQEVEVAYICSESSSHEDYIRQFLNAGKHVLVEYPMTLSLAAAQELWELAEQKGKVLHEEHVELLMEEFAFLKKEVVGKDLLKGSLLFTAGPLEEERFGFPAFSGISRLTWLVSLFGELSLVSATLEERKEDQYMKMTVCLETEKKSPLSWIEEKGPGLKRNRYLSFHFKSGSLENVPNVGVNKNIFLKDQNIFVQKLLGQFSEKELAAEKKRILHCLGLAEEIQKYCCSRK	33424.154	0	1000000.0
protein_BLVRB_pc	protein_BLVRB	BLVRB	P30043	pc	P30043	MAVKKIAIFGATGQTGLTTLAQAVQAGYEVTVLVRDSSRLPSEGPRPAHVVVGDVLQAADVDKTVAGQDAVIVLLGTRNDLSPTTVMSEGARNIVAAMKAHGVDKVVACTSAFLLWDPTKVPPRLQAVTDDHIRMHKVLRESGLKYVAVMPPHIGDQPLTGAYTVTLDGRGPSRVISKHDLGHFMLRCLTTDEYDGHSTYPSHQYQ	22119.152	0	1000000.0
protein_BPGM_pc	protein_BPGM	BPGM	P07738	pc	P07738	MSKYKLIMLRHGEGAWNKENRFCSWVDQKLNSEGMEEARNCGKQLKALNFEFDLVFTSVLNRSIHTAWLILEELGQEWVPVESSWRLNERHYGALIGLNREQMALNHGEEQVRLWRRSYNVTPPPIEESHPYYQEIYNDRRYKVCDVPLDQLPRSESLKDVLERLLPYWNERIAPEVLRGKTILISAHGNSSRALLKHLEGISDEDIINITLPTGVPILLELDENLRAVGPHQFLGDQEAIQAAIKKVEDQGKVKQAKK	30000.897999999997	0	1000000.0
protein_BSG_pc	protein_BSG	BSG	P35613	pc	P35613-1	MAAALFVLLGFALLGTHGASGAAGFVQAPLSQQRWVGGSVELHCEAVGSPVPEIQWWFEGQGPNDTCSQLWDGARLDRVHIHATYHQHAASTISIDTLVEEDTGTYECRASNDPDRNHLTRAPRVKWVRAQAVVLVLEPGTVFTTVEDLGSKILLTCSLNDSATEVTGHRWLKGGVVLKEDALPGQKTEFKVDSDDQWGEYSCVFLPEPMGTANIQLHGPPRVKAVKSSEHINEGETAMLVCKSESVPPVTDWAWYKITDSEDKALMNGSESRFFVSSSQGRSELHIENLNMEADPGQYRCNGTSSKGSDQAIITLRVRSHLAALWPFLGIVAEVLVLVTIIFIYEKRRKPEDVLDDDDAGSAPLKSSGQHQNDKGKNVRQRNSS	42185.871999999996	0	1000000.0
protein_CACNA1A_pc	protein_CACNA1A	CACNA1A	O00555	pc	O00555-8	MARFGDEMPARYGGGGSGAAAGVVVGSGGGRGAGGSRQGGQPGAQRMYKQSMAQRARTMALYNPIPVRQNCLTVNRSLFLFSEDNVVRKYAKKITEWPPFEYMILATIIANCIVLALEQHLPDDDKTPMSERLDDTEPYFIGIFCFEAGIKIIALGFAFHKGSYLRNGWNVMDFVVVLTGILATVGTEFDLRTLRAVRVLRPLKLVSGIPSLQVVLKSIMKAMIPLLQIGLLLFFAILIFAIIGLEFYMGKFHTTCFEEGTDDIQGESPAPCGTEEPARTCPNGTKCQPYWEGPNNGITQFDNILFAVLTVFQCITMEGWTDLLYNSNDASGNTWNWLYFIPLIIIGSFFMLNLVLGVLSGEFAKERERVENRRAFLKLRRQQQIERELNGYMEWISKAEEVILAEDETDGEQRHPFDALRRTTIKKSKTDLLNPEEAEDQLADIASVGSPFARASIKSAKLENSTFFHKKERRMRFYIRRMVKTQAFYWTVLSLVALNTLCVAIVHYNQPEWLSDFLYYAEFIFLGLFMSEMFIKMYGLGTRPYFHSSFNCFDCGVIIGSIFEVIWAVIKPGTSFGISVLRALRLLRIFKVTKYWASLRNLVVSLLNSMKSIISLLFLLFLFIVVFALLGMQLFGGQFNFDEGTPPTNFDTFPAAIMTVFQILTGEDWNEVMYDGIKSQGGVQGGMVFSIYFIVLTLFGNYTLLNVFLAIAVDNLANAQELTKDEQEEEEAANQKLALQKAKEVAEVSPLSAANMSIAVKEQQKNQKPAKSVWEQRTSEMRKQNLLASREALYNEMDPDERWKAAYTRHLRPDMKTHLDRPLVVDPQENRNNNTNKSRAAEPTVDQRLGQQRAEDFLRKQARYHDRARDPSGSAGLDARRPWAGSQEAELSREGPYGRESDHHAREGSLEQPGFWEGEAERGKAGDPHRRHVHRQGGSRESRSGSPRTGADGEHRRHRAHRRPGEEGPEDKAERRARHREGSRPARGGEGEGEGPDGGERRRRHRHGAPATYEGDARREDKERRHRRRKENQGSGVPVSGPNLSTTRPIQQDLGRQDPPLAEDIDNMKNNKLATAESAAPHGSLGHAGLPQSPAKMGNSTDPGPMLAIPAMATNPQNAASRRTPNNPGNPSNPGPPKTPENSLIVTNPSGTQTNSAKTARKPDHTTVDIPPACPPPLNHTVVQVNKNANPDPLPKKEEEKKEEEEDDRGEDGPKPMPPYSSMFILSTTNPLRRLCHYILNLRYFEMCILMVIAMSSIALAAEDPVQPNAPRNNVLRYFDYVFTGVFTFEMVIKMIDLGLVLHQGAYFRDLWNILDFIVVSGALVAFAFTGNSKGKDINTIKSLRVLRVLRPLKTIKRLPKLKAVFDCVVNSLKNVFNILIVYMLFMFIFAVVAVQLFKGKFFHCTDESKEFEKDCRGKYLLYEKNEVKARDREWKKYEFHYDNVLWALLTLFTVSTGEGWPQVLKHSVDATFENQGPSPGYRMEMSIFYVVYFVVFPFFFVNIFVALIIITFQEQGDKMMEEYSLEKNERACIDFAISAKPLTRHMPQNKQSFQYRMWQFVVSPPFEYTIMAMIALNTIVLMMKFYGASVAYENALRVFNIVFTSLFSLECVLKVMAFGILNYFRDAWNIFDFVTVLGSITDILVTEFGNNFINLSFLRLFRAARLIKLLRQGYTIRILLWTFVQSFKALPYVCLLIAMLFFIYAIIGMQVFGNIGIDVEDEDSDEDEFQITEHNNFRTFFQALMLLFRSATGEAWHNIMLSCLSGKPCDKNSGILTRECGNEFAYFYFVSFIFLCSFLMLNLFVAVIMDNFEYLTRDSSILGPHHLDEYVRVWAEYDPAAWGRMPYLDMYQMLRHMSPPLGLGKKCPARVAYKRLLRMDLPVADDNTVHFNSTLMALIRTALDIKIAKGGADKQQMDAELRKEMMAIWPNLSQKTLDLLVTPHKSTDLTVGKIYAAMMIMEYYRQSKAKKLQAMREEQDRTPLMFQRMEPPSPTQEGGPGQNALPSTQLDPGGALMAHESGLKESPSWVTQRAQEMFQKTGTWSPEQGPPTDMPNSQPNSQSVEMREMGRDGYSDSEHYLPMEGQGRAASMPRLPAENQRRRGRPRGNNLSTISDTSPMKRSASVLGPKARRLDDYSLERVPPEENQRHHQRRRDRSHRASERSLGRYTDVDTGLGTDLSMTTQSGDLPSKERDQERGRPKDRKHRQHHHHHHHHHHPPPPDKDRYAQERPDHGRARARDQRWSRSPSEGREHMAHRQGSSSVSGSPAPSTSGTSTPRRGRRQLPQTPSTPRPHVSYSPVIRKAGGSGPPQQQQQQQQQQQQQAVARPGRAATSGPRRYPGPTAEPLAGDRPPTGGHSSGRSPRMERRVPGPARSESPRACRHGGARWPASGPHVSEGPPGPRHHGYYRGSDYDEADGPGSGGGEEAMAGAYDAPPPVRHASSGATGRSPRTPRASGPACASPSRHGRRLPNGYYPAHGLARPRGPGSRKGLHEPYSESDDDWC	282593.603	0	1000000.0
protein_CDC37_pc	protein_CDC37	CDC37	Q16543	pc	Q16543	MVDYSVWDHIEVSDDEDETHPNIDTASLFRWRHQARVERMEQFQKEKEELDRGCRECKRKVAECQRKLKELEVAEGGKAELERLQAEAQQLRKEERSWEQKLEEMRKKEKSMPWNVDTLSKDGFSKSMVNTKPEKTEEDSEEVREQKHKTFVEKYEKQIKHFGMLRRWDDSQKYLSDNVHLVCEETANYLVIWCIDLEVEEKCALMEQVAHQTIVMQFILELAKSLKVDPRACFRQFFTKIKTADRQYMEGFNDELEAFKERVRGRAKLRIEKAMKEYEEEERKKRLGPGGLDPVEVYESLPEELQKCFDVKDVQMLQDAISKMDPTDAKYHMQRCIDSGLWVPNSKASEAKEGEEAGPGDPLLEAVPKTGDEKDVSV	44449.79	0	1000000.0
protein_CFTR_pc	protein_CFTR	CFTR	P13569	pc	P13569-1	MQRSPLEKASVVSKLFFSWTRPILRKGYRQRLELSDIYQIPSVDSADNLSEKLEREWDRELASKKNPKLINALRRCFFWRFMFYGIFLYLGEVTKAVQPLLLGRIIASYDPDNKEERSIAIYLGIGLCLLFIVRTLLLHPAIFGLHHIGMQMRIAMFSLIYKKTLKLSSRVLDKISIGQLVSLLSNNLNKFDEGLALAHFVWIAPLQVALLMGLIWELLQASAFCGLGFLIVLALFQAGLGRMMMKYRDQRAGKISERLVITSEMIENIQSVKAYCWEEAMEKMIENLRQTELKLTRKAAYVRYFNSSAFFFSGFFVVFLSVLPYALIKGIILRKIFTTISFCIVLRMAVTRQFPWAVQTWYDSLGAINKIQDFLQKQEYKTLEYNLTTTEVVMENVTAFWEEGFGELFEKAKQNNNNRKTSNGDDSLFFSNFSLLGTPVLKDINFKIERGQLLAVAGSTGAGKTSLLMVIMGELEPSEGKIKHSGRISFCSQFSWIMPGTIKENIIFGVSYDEYRYRSVIKACQLEEDISKFAEKDNIVLGEGGITLSGGQRARISLARAVYKDADLYLLDSPFGYLDVLTEKEIFESCVCKLMANKTRILVTSKMEHLKKADKILILHEGSSYFYGTFSELQNLQPDFSSKLMGCDSFDQFSAERRNSILTETLHRFSLEGDAPVSWTETKKQSFKQTGEFGEKRKNSILNPINSIRKFSIVQKTPLQMNGIEEDSDEPLERRLSLVPDSEQGEAILPRISVISTGPTLQARRRQSVLNLMTHSVNQGQNIHRKTTASTRKVSLAPQANLTELDIYSRRLSQETGLEISEEINEEDLKECFFDDMESIPAVTTWNTYLRYITVHKSLIFVLIWCLVIFLAEVAASLVVLWLLGNTPLQDKGNSTHSRNNSYAVIITSTSSYYVFYIYVGVADTLLAMGFFRGLPLVHTLITVSKILHHKMLHSVLQAPMSTLNTLKAGGILNRFSKDIAILDDLLPLTIFDFIQLLLIVIGAIAVVAVLQPYIFVATVPVIVAFIMLRAYFLQTSQQLKQLESEGRSPIFTHLVTSLKGLWTLRAFGRQPYFETLFHKALNLHTANWFLYLSTLRWFQMRIEMIFVIFFIAVTFISILTTGEGEGRVGIILTLAMNIMSTLQWAVNSSIDVDSLMRSVSRVFKFIDMPTEGKPTKSTKPYKNGQLSKVMIIENSHVKKDDIWPSGGQMTVKDLTAKYTEGGNAILENISFSISPGQRVGLLGRTGSGKSTLLSAFLRLLNTEGEIQIDGVSWDSITLQQWRKAFGVIPQKVFIFSGTFRKNLDPYEQWSDQEIWKVADEVGLRSVIEQFPGKLDFVLVDGGCVLSHGHKQLMCLARSVLSKAKILLLDEPSAHLDPVTYQIIRRTLKQAFADCTVILCEHRIEAMLECQQFLVIEENKVRQYDSIQKLLNERSLFRQAISPSDRVKLFPHRNSSKCKSKPQIAALKEETEEEVQDTRL	168159.157	0	1000000.0
protein_CYB5A_pc	protein_CYB5A	CYB5A	P00167	pc	P00167-2	MAEQSDEAVKYYTLEEIQKHNHSKSTWLILHHKVYDLTKFLEEHPGGEEVLREQAGGDATENFEDVGHSTDAREMSKTFIIGELHPDDRPKLNKPPEP	11258.237	0	1000000.0
protein_CYB5B_pc	protein_CYB5B	CYB5B	O43169	pc	O43169	MSGSMATAEASGSDGKGQEVETSVTYYRLEEVAKRNSLKELWLVIHGRVYDVTRFLNEHPGGEEVLLEQAGVDASESFEDVGHSSDAREMLKQYYIGDIHPSDLKPESGSKDPSKNDTCKSCWAYWILPIIGAVLLGFLYRYYTSESKSS	16685.337	0	1000000.0
protein_CYB5R3_pc	protein_CYB5R3	CYB5R3	P00387	pc	P00387-2	MKLFQRSTPAITLESPDIKYPLRLIDREIISHDTRRFRFALPSPQHILGLPVGQHIYLSARIDGNLVVRPYTPISSDDDKGFVDLVIKVYFKDTHPKFPAGGKMSQYLESMQIGDTIEFRGPSGLLVYQGKGKFAIRPDKKSNPIIRTVKSVGMIAGGTGITPMLQVIRAIMKDPDDHTVCHLLFANQTEKDILLRPELEELRNKHSARFKLWYTLDRAPEAWDYGQGFVNEEMIRDHLPPPEEEPLVLMCGPPPMIQYACLPNLDHVGHPTERCFVF	31628.392	0	1000000.0
protein_DERL1_pc	protein_DERL1	DERL1	Q9BUN8	pc	Q9BUN8-1	MSDIGDWFRSIPAITRYWFAATVAVPLVGKLGLISPAYLFLWPEAFLYRFQIWRPITATFYFPVGPGTGFLYLVNLYFLYQYSTRLETGAFDGRPADYLFMLLFNWICIVITGLAMDMQLLMIPLIMSVLYVWAQLNRDMIVSFWFGTRFKACYLPWVILGFNYIIGGSVINELIGNLVGHLYFFLMFRYPMDLGGRNFLSTPQFLYRWLPSRRGGVSGFGVPPASMRRAADQNGGGGRHNWGQGFRLGDQ	28807.577	0	1000000.0
protein_EMB_pc	protein_EMB	EMB	Q6PCB8	pc	Q6PCB8-1	MRALPGLLEARARTPRLLLLQCLLAAARPSSADGSAPDSPFTSPPLREEIMANNFSLESHNISLTEHSSMPVEKNITLERPSNVNLTCQFTTSGDLNAVNVTWKKDGEQLENNYLVSATGSTLYTQYRFTIINSKQMGSYSCFFREEKEQRGTFNFKVPELHGKNKPLISYVGDSTVLTCKCQNCFPLNWTWYSSNGSVKVPVGVQMNKYVINGTYANETKLKITQLLEEDGESYWCRALFQLGESEEHIELVVLSYLVPLKPFLVIVAEVILLVATILLCEKYTQKKKKHSDEGKEFEQIEQLKSDDSNGIENNVPRHRKNESLGQ	36877.601	0	1000000.0
protein_ENO1_pc	protein_ENO1	ENO1	P06733	pc	P06733-1	MSILKIHAREIFDSRGNPTVEVDLFTSKGLFRAAVPSGASTGIYEALELRDNDKTRYMGKGVSKAVEHINKTIAPALVSKKLNVTEQEKIDKLMIEMDGTENKSKFGANAILGVSLAVCKAGAVEKGVPLYRHIADLAGNSEVILPVPAFNVINGGSHAGNKLAMQEFMILPVGAANFREAMRIGAEVYHNLKNVIKEKYGKDATNVGDEGGFAPNILENKEGLELLKTAIGKAGYTDKVVIGMDVAASEFFRSGKYDLDFKSPDDPSRYISPDQLADLYKSFIKDYPVVSIEDPFDQDDWGAWQKFTASAGIQVVGDDLTVTNPKRIAKAVNEKSCNCLLLKVNQIGSVTESLQACKLAQANGWGVMVSHRSGETEDTFIADLVVGLCTGQIKTGAPCRSERLAKYNQLLRIEEELGSKAKFAGRNFRNPLAK	47168.547	0	1000000.0
protein_ENO2_pc	protein_ENO2	ENO2	P09104	pc	P09104-1	MSIEKIWAREILDSRGNPTVEVDLYTAKGLFRAAVPSGASTGIYEALELRDGDKQRYLGKGVLKAVDHINSTIAPALISSGLSVVEQEKLDNLMLELDGTENKSKFGANAILGVSLAVCKAGAAERELPLYRHIAQLAGNSDLILPVPAFNVINGGSHAGNKLAMQEFMILPVGAESFRDAMRLGAEVYHTLKGVIKDKYGKDATNVGDEGGFAPNILENSEALELVKEAIDKAGYTEKIVIGMDVAASEFYRDGKYDLDFKSPTDPSRYITGDQLGALYQDFVRDYPVVSIEDPFDQDDWAAWSKFTANVGIQIVGDDLTVTNPKRIERAVEEKACNCLLLKVNQIGSVTEAIQACKLAQENGWGVMVSHRSGETEDTFIADLVVGLCTGQIKTGAPCRSERLAKYNQLMRIEEELGDEARFAGHNFRNPSVL	47250.011	0	1000000.0
protein_ENO3_pc	protein_ENO3	ENO3	P13929	pc	P13929-1	MAMQKIFAREILDSRGNPTVEVDLHTAKGRFRAAVPSGASTGIYEALELRDGDKGRYLGKGVLKAVENINNTLGPALLQKKLSVVDQEKVDKFMIELDGTENKSKFGANAILGVSLAVCKAGAAEKGVPLYRHIADLAGNPDLILPVPAFNVINGGSHAGNKLAMQEFMILPVGASSFKEAMRIGAEVYHHLKGVIKAKYGKDATNVGDEGGFAPNILENNEALELLKTAIQAAGYPDKVVIGMDVAASEFYRNGKYDLDFKSPDDPARHITGEKLGELYKSFIKNYPVVSIEDPFDQDDWATWTSFLSGVNIQIVGDDLTVTNPKRIAQAVEKKACNCLLLKVNQIGSVTESIQACKLAQSNGWGVMVSHRSGETEDTFIADLVVGLCTGQIKTGAPCRSERLAKYNQLMRIEEALGDKAIFAGRKFRNPKAK	46987.471	0	1000000.0
protein_FAF1_pc	protein_FAF1	FAF1	Q9UNN5	pc	Q9UNN5-1	MASNMDREMILADFQACTGIENIDEAITLLEQNNWDLVAAINGVIPQENGILQSEYGGETIPGPAFNPASHPASAPTSSSSSAFRPVMPSRQIVERQPRMLDFRVEYRDRNVDVVLEDTCTVGEIKQILENELQIPVSKMLLKGWKTGDVEDSTVLKSLHLPKNNSLYVLTPDLPPPSSSSHAGALQESLNQNFMLIITHREVQREYNLNFSGSSTIQEVKRNVYDLTSIPVRHQLWEGWPTSATDDSMCLAESGLSYPCHRLTVGRRSSPAQTREQSEEQITDVHMVSDSDGDDFEDATEFGVDDGEVFGMASSALRKSPMMPENAENEGDALLQFTAEFSSRYGDCHPVFFIGSLEAAFQEAFYVKARDRKLLAIYLHHDESVLTNVFCSQMLCAESIVSYLSQNFITWAWDLTKDSNRARFLTMCNRHFGSVVAQTIRTQKTDQFPLFLIIMGKRSSNEVLNVIQGNTTVDELMMRLMAAMEIFTAQQQEDIKDEDEREARENVKREQDEAYRLSLEADRAKREAHEREMAEQFRLEQIRKEQEEEREAIRLSLEQALPPEPKEENAEPVSKLRIRTPSGEFLERRFLASNKLQIVFDFVASKGFPWDEYKLLSTFPRRDVTQLDPNKSLLEVKLFPQETLFLEAKE	73915.158	0	1000000.0
protein_FAF2_pc	protein_FAF2	FAF2	Q96CS3	pc	Q96CS3	MAAPEERDLTQEQTEKLLQFQDLTGIESMDQCRHTLEQHNWNIEAAVQDRLNEQEGVPSVFNPPPSRPLQVNTADHRIYSYVVSRPQPRGLLGWGYYLIMLPFRFTYYTILDIFRFALRFIRPDPRSRVTDPVGDIVSFMHSFEEKYGRAHPVFYQGTYSQALNDAKRELRFLLVYLHGDDHQDSDEFCRNTLCAPEVISLINTRMLFWACSTNKPEGYRVSQALRENTYPFLAMIMLKDRRMTVVGRLEGLIQPDDLINQLTFIMDANQTYLVSERLEREERNQTQVLRQQQDEAYLASLRADQEKERKKREERERKRRKEEEVQQQKLAEERRRQNLQEEKERKLECLPPEPSPDDPESVKIIFKLPNDSRVERRFHFSQSLTVIHDFLFSLKESPEKFQIEANFPRRVLPCIPSEEWPNPPTLQEAGLSHTEVLFVQDLTDE	52609.831	0	1000000.0
protein_G6PD_pc	protein_G6PD	G6PD	P11413	pc	P11413-1	MAEQVALSRTQVCGILREELFQGDAFHQSDTHIFIIMGASGDLAKKKIYPTIWWLFRDGLLPENTFIVGYARSRLTVADIRKQSEPFFKATPEEKLKLEDFFARNSYVAGQYDDAASYQRLNSHMNALHLGSQANRLFYLALPPTVYEAVTKNIHESCMSQIGWNRIIVEKPFGRDLQSSDRLSNHISSLFREDQIYRIDHYLGKEMVQNLMVLRFANRIFGPIWNRDNIACVILTFKEPFGTEGRGGYFDEFGIIRDVMQNHLLQMLCLVAMEKPASTNSDDVRDEKVKVLKCISEVQANNVVLGQYVGNPDGEGEATKGYLDDPTVPRGSTTATFAAVVLYVENERWDGVPFILRCGKALNERKAEVRLQFHDVAGDIFHQQCKRNELVIRVQPNEAVYTKMMTKKPGMFFNPEESELDLTYGNRYKNVKLPDAYERLILDVFCGSQMHFVRSDELREAWRIFTPLLHQIELEKPKPIPYIYGSRGPTEADELMKRVGFQYEGTYKWVNPHKL	59252.179	0	1000000.0
protein_GAPDH_pc	protein_GAPDH	GAPDH	P04406	pc	P04406-1	MGKVKVGVNGFGRIGRLVTRAAFNSGKVDIVAINDPFIDLNYMVYMFQYDSTHGKFHGTVKAENGKLVINGNPITIFQERDPSKIKWGDAGAEYVVESTGVFTTMEKAGAHLQGGAKRVIISAPSADAPMFVMGVNHEKYDNSLKIISNASCTTNCLAPLAKVIHDNFGIVEGLMTTVHAITATQKTVDGPSGKLWRDGRGALQNIIPASTGAAKAVGKVIPELNGKLTGMAFRVPTANVSVVDLTCRLEKPAKYDDIKKVVKQASEGPLKGILGYTEHQVVSSDFNSDTHSSTFDAGAGIALNDHFVKLISWYDNEFGYSNRVVDLMAHMASKE	36055.926	0	1000000.0
protein_GAPDHS_pc	protein_GAPDHS	GAPDHS	O14556	pc	O14556	MSKRDIVLTNVTVVQLLRQPCPVTRAPPPPEPKAEVEPQPQPEPTPVREEIKPPPPPLPPHPATPPPKMVSVARELTVGINGFGRIGRLVLRACMEKGVKVVAVNDPFIDPEYMVYMFKYDSTHGRYKGSVEFRNGQLVVDNHEISVYQCKEPKQIPWRAVGSPYVVESTGVYLSIQAASDHISAGAQRVVISAPSPDAPMFVMGVNENDYNPGSMNIVSNASCTTNCLAPLAKVIHERFGIVEGLMTTVHSYTATQKTVDGPSRKAWRDGRGAHQNIIPASTGAAKAVTKVIPELKGKLTGMAFRVPTPDVSVVDLTCRLAQPAPYSAIKEAVKAAAKGPMAGILAYTEDEVVSTDFLGDTHSSIFDAKAGIALNDNFVKLISWYDNEYGYSHRVVDLLRYMFSRDK	44503.779	0	1000000.0
protein_GPI_pc	protein_GPI	GPI	P06744	pc	P06744-1	MAALTRDPQFQKLQQWYREHRSELNLRRLFDANKDRFNHFSLTLNTNHGHILVDYSKNLVTEDVMRMLVDLAKSRGVEAARERMFNGEKINYTEGRAVLHVALRNRSNTPILVDGKDVMPEVNKVLDKMKSFCQRVRSGDWKGYTGKTITDVINIGIGGSDLGPLMVTEALKPYSSGGPRVWYVSNIDGTHIAKTLAQLNPESSLFIIASKTFTTQETITNAETAKEWFLQAAKDPSAVAKHFVALSTNTTKVKEFGIDPQNMFEFWDWVGGRYSLWSAIGLSIALHVGFDNFEQLLSGAHWMDQHFRTTPLEKNAPVLLALLGIWYINCFGCETHAMLPYDQYLHRFAAYFQQGDMESNGKYITKSGTRVDHQTGPIVWGEPGTNGQHAFYQLIHQGTKMIPCDFLIPVQTQHPIRKGLHHKILLANFLAQTEALMRGKSTEEARKELQAAGKSPEDLERLLPHKVFEGNRPTNSIVFTKLTPFMLGALVAMYEHKIFVQGIIWDINSFDQWGVELGKQLAKKIEPELDGSAQVTSHDASTNGLINFIKQQREARVQ	63149.559	0	1000000.0
protein_GPX1_pc	protein_GPX1	GPX1	P07203	pc	P07203-1	MCAARLAAAAAAAQSVYAFSARPLAGGEPVSLGSLRGKVLLIENVASLUGTTVRDYTQMNELQRRLGPRGLVVLGFPCNQFGHQENAKNEEILNSLKYVRPGGGFEPNFMLFEKCEVNGAGAHPLFAFLREALPAPSDDATALMTDPKLITWSPVCRNDVAWNFEKFLVGPDGVPLRRYSRRFQTIDIEPDIEALLSQGPSCA	22040.074	0	1000000.0
protein_GPX4_pc	protein_GPX4	GPX4	P36969	pc	P36969-2	MCASRDDWRCARSMHEFSAKDIDGHMVNLDKYRGFVCIVTNVASQUGKTEVNYTQLVDLHARYAECGLRILAFPCNQFGKQEPGSNEEIKEFAAGYNVKFDMFSKICVNGDDAHPLWKWMKIQPKGKGILGNAIKWNFTKFLIDKNGCVVKRYGPMEEPLVIEKDLPHYF	19480.354	0	1000000.0
protein_GRIA1_pc	protein_GRIA1	GRIA1	P42261	pc	P42261-1	MQHIFAFFCTGFLGAVVGANFPNNIQIGGLFPNQQSQEHAAFRFALSQLTEPPKLLPQIDIVNISDSFEMTYRFCSQFSKGVYAIFGFYERRTVNMLTSFCGALHVCFITPSFPVDTSNQFVLQLRPELQDALISIIDHYKWQKFVYIYDADRGLSVLQKVLDTAAEKNWQVTAVNILTTTEEGYRMLFQDLEKKKERLVVVDCESERLNAILGQIIKLEKNGIGYHYILANLGFMDIDLNKFKESGANVTGFQLVNYTDTIPAKIMQQWKNSDARDHTRVDWKRPKYTSALTYDGVKVMAEAFQSLRRQRIDISRRGNAGDCLANPAVPWGQGIDIQRALQQVRFEGLTGNVQFNEKGRRTNYTLHVIEMKHDGIRKIGYWNEDDKFVPAATDAQAGGDNSSVQNRTYIVTTILEDPYVMLKKNANQFEGNDRYEGYCVELAAEIAKHVGYSYRLEIVSDGKYGARDPDTKAWNGMVGELVYGRADVAVAPLTITLVREEVIDFSKPFMSLGISIMIKKPQKSKPGVFSFLDPLAYEIWMCIVFAYIGVSVVLFLVSRFSPYEWHSEEFEEGRDQTTSDQSNEFGIFNSLWFSLGAFMQQGCDISPRSLSGRIVGGVWWFFTLIIISSYTANLAAFLTVERMVSPIESAEDLAKQTEIAYGTLEAGSTKEFFRRSKIAVFEKMWTYMKSAEPSVFVRTTEEGMIRVRKSKGKYAYLLESTMNEYIEQRKPCDTMKVGGNLDSKGYGIATPKGSALRNPVNLAVLKLNEQGLLDKLKNKWWYDKGECGSGGGDSKDKTSALSLSNVAGVFYILIGGLGLAMLVALIEFCYKSRSESKRMKGFCLIPQQSINEAIRTSTLPRNSGAGASSGGSGENGRVVSHDFPKSMQSIPCMSHSSGMPLGATGL	101507.147	0	1000000.0
protein_GSR_pc	protein_GSR	GSR	P00390	pc	P00390-2	MACRQEPQPQGPPPAAGAVASYDYLVIGGGSGGLASARRAAELGARAAVVESHKLGGTCVNVGCVPKKVMWNTAVHSEFMHDHADYGFPSCEGKFNWRVIKEKRDAYVSRLNAIYQNNLTKSHIEIIRGHAAFTSDPKPTIEVSGKKYTAPHILIATGGMPSTPHESQIPGASLGITSDGFFQLEELPGRSVIVGAGYIAVEMAGILSALGSKTSLMIRHDKVLRSFDSMISTNCTEELENAGVEVLKFSQVKEVKKTLSGLEVSMVTAVPGRLPVMTMIPDVDCLLWAIGRVPNTKDLSLNKLGIQTDDKGHIIVDEFQNTNVKGIYAVGDVCGKALLTPVAIAAGRKLAHRLFEYKEDSKLDYNNIPTVVFSHPPIGTVGLTEDEAIHKYGIENVKTYSTSFTPMYHAVTKRKTKCVMKMVCANKEEKVVGIHMQGLGCDEMLQGFAVAVKMGATKADFDNTVAIHPTSSEELVTLR	51701.157	0	1000000.0
protein_HBA_pc	protein_HBA	HBA	P69905	pc	P69905	MVLSPADKTNVKAAWGKVGAHAGEYGAEALERMFLSFPTTKTYFPHFDLSHGSAQVKGHGKKVADALTNAVAHVDDMPNALSALSDLHAHKLRVDPVNFKLLSHCLLVTLAAHLPAEFTPAVHASLDKFLASVSTVLTSKYR	15259.421999999999	0	1000000.0
protein_HBB_pc	protein_HBB	HBB	P68871	pc	P68871	MVHLTPEEKSAVTALWGKVNVDEVGGEALGRLLVVYPWTQRFFESFGDLSTPDAVMGNPKVKAHGKKVLGAFSDGLAHLDNLKGTFATLSELHCDKLHVDPENFRLLGNVLVCVLAHHFGKEFTPPVQAAYQKVVAGVANALAHKYH	15997.243999999999	0	1000000.0
protein_HBD_pc	protein_HBD	HBD	P02042	pc	P02042	MVHLTPEEKTAVNALWGKVNVDAVGGEALGRLLVVYPWTQRFFESFGDLSSPDAVMGNPKVKAHGKKVLGAFSDGLAHLDNLKGTFSQLSELHCDKLHVDPENFRLLGNVLVCVLARNFGKEFTPQMQAAYQKVVAGVANALAHKYH	16056.336	0	1000000.0
protein_HBE1_pc	protein_HBE1	HBE1	P02100	pc	P02100	MVHFTAEEKAAVTSLWSKMNVEEAGGEALGRLLVVYPWTQRFFDSFGNLSSPSAILGNPKVKAHGKKVLTSFGDAIKNMDNLKPAFAKLSELHCDKLHVDPENFKLLGNVMVIILATHFGKEFTPEVQAAWQKLVSAVAIALAHKYH	16204.680999999999	0	1000000.0
protein_HBG1_pc	protein_HBG1	HBG1	P69891	pc	P69891	MGHFTEEDKATITSLWGKVNVEDAGGETLGRLLVVYPWTQRFFDSFGNLSSASAIMGNPKVKAHGKKVLTSLGDATKHLDDLKGTFAQLSELHCDKLHVDPENFKLLGNVLVTVLAIHFGKEFTPEVQASWQKMVTAVASALSSRYH	16127.253999999999	0	1000000.0
protein_HBG2_pc	protein_HBG2	HBG2	P69892	pc	P69892	MGHFTEEDKATITSLWGKVNVEDAGGETLGRLLVVYPWTQRFFDSFGNLSSASAIMGNPKVKAHGKKVLTSLGDAIKHLDDLKGTFAQLSELHCDKLHVDPENFKLLGNVLVTVLAIHFGKEFTPEVQASWQKMVTGVASALSSRYH	16125.282	0	1000000.0
protein_HBM_pc	protein_HBM	HBM	Q6B0K9	pc	Q6B0K9	MLSAQERAQIAQVWDLIAGHEAQFGAELLLRLFTVYPSTKVYFPHLSACQDATQLLSHGQRMLAAVGAAVQHVDNLRAALSPLADLHALVLRVDPANFPLLIQCFHVVLASHLQDEFTVQMQAAWDKFLTGVAVVLTEKYR	15614.929	0	1000000.0
protein_HBQ1_pc	protein_HBQ1	HBQ1	P09105	pc	P09105	MALSAEDRALVRALWKKLGSNVGVYTTEALERTFLAFPATKTYFSHLDLSPGSSQVRAHGQKVADALSLAVERLDDLPHALSALSHLHACQLRVDPASFQLLGHCLLVTLARHYPGDFSPALQASLDKFLSHVISALVSEYR	15507.637999999999	0	1000000.0
protein_HBZ_pc	protein_HBZ	HBZ	P02008	pc	P02008	MSLTKTERTIIVSMWAKISTQADTIGTETLERLFLSHPQTKTYFPHFDLHPGSAQLRAHGSKVVAAVGDAVKSIDDIGGALSKLSELHAYILRVDPVNFKLLSHCLLVTLAARFPADFTAEAHAAWDKFLSVVSSVLTEKYR	15637.878999999999	0	1000000.0
protein_HK1_pc	protein_HK1	HK1	P19367	pc	P19367-2	MDCEHSLSLPCRGAEAWEIGIDKYLYAMRLSDETLIDIMTRFRKEMKNGLSRDFNPTATVKMLPTFVRSIPDGSEKGDFIALDLGGSSFRILRVQVNHEKNQNVHMESEVYDTPENIVHGSGSQLFDHVAECLGDFMEKRKIKDKKLPVGFTFSFPCQQSKIDEAILITWTKRFKASGVEGADVVKLLNKAIKKRGDYDANIVAVVNDTVGTMMTCGYDDQHCEVGLIIGTGTNACYMEELRHIDLVEGDEGRMCINTEWGAFGDDGSLEDIRTEFDREIDRGSLNPGKQLFEKMVSGMYLGELVRLILVKMAKEGLLFEGRITPELLTRGKFNTSDVSAIEKNKEGLHNAKEILTRLGVEPSDDDCVSVQHVCTIVSFRSANLVAATLGAILNRLRDNKGTPRLRTTVGVDGSLYKTHPQYSRRFHKTLRRLVPDSDVRFLLSESGSGKGAAMVTAVAYRLAEQHRQIEETLAHFHLTKDMLLEVKKRMRAEMELGLRKQTHNNAVVKMLPSFVRRTPDGTENGDFLALDLGGTNFRVLLVKIRSGKKRTVEMHNKIYAIPIEIMQGTGEELFDHIVSCISDFLDYMGIKGPRMPLGFTFSFPCQQTSLDAGILITWTKGFKATDCVGHDVVTLLRDAIKRREEFDLDVVAVVNDTVGTMMTCAYEEPTCEVGLIVGTGSNACYMEEMKNVEMVEGDQGQMCINMEWGAFGDNGCLDDIRTHYDRLVDEYSLNAGKQRYEKMISGMYLGEIVRNILIDFTKKGFLFRGQISETLKTRGIFETKFLSQIESDRLALLQVRAILQQLGLNSTCDDSILVKTVCGVVSRRAAQLCGAGMAAVVDKIRENRGLDRLNVTVGVDGTLYKLHPHFSRIMHQTVKELSPKCNVSFLLSEDGSGKGAALITAVGVRLRTEASS	102190.588	0	1000000.0
protein_HK3_pc	protein_HK3	HK3	P52790	pc	P52790	MDSIGSSGLRQGEETLSCSEEGLPGPSDSSELVQECLQQFKVTRAQLQQIQASLLGSMEQALRGQASPAPAVRMLPTYVGSTPHGTEQGDFVVLELGATGASLRVLWVTLTGIEGHRVEPRSQEFVIPQEVMLGAGQQLFDFAAHCLSEFLDAQPVNKQGLQLGFSFSFPCHQTGLDRSTLISWTKGFRCSGVEGQDVVQLLRDAIRRQGAYNIDVVAVVNDTVGTMMGCEPGVRPCEVGLVVDTGTNACYMEEARHVAVLDEDRGRVCVSVEWGSFSDDGALGPVLTTFDHTLDHESLNPGAQRFEKMIGGLYLGELVRLVLAHLARCGVLFGGCTSPALLSQGSILLEHVAEMEDPSTGAARVHAILQDLGLSPGASDVELVQHVCAAVCTRAAQLCAAALAAVLSCLQHSREQQTLQVAVATGGRVCERHPRFCSVLQGTVMLLAPECDVSLIPSVDGGGRGVAMVTAVAARLAAHRRLLEETLAPFRLNHDQLAAVQAQMRKAMAKGLRGEASSLRMLPTFVRATPDGSERGDFLALDLGGTNFRVLLVRVTTGVQITSEIYSIPETVAQGSGQQLFDHIVDCIVDFQQKQGLSGQSLPLGFTFSFPCRQLGLDQGILLNWTKGFKASDCEGQDVVSLLREAITRRQAVELNVVAIVNDTVGTMMSCGYEDPRCEIGLIVGTGTNACYMEELRNVAGVPGDSGRMCINMEWGAFGDDGSLAMLSTRFDASVDQASINPGKQRFEKMISGMYLGEIVRHILLHLTSLGVLFRGQQIQRLQTRDIFKTKFLSEIESDSLALRQVRAILEDLGLPLTSDDALMVLEVCQAVSQRAAQLCGAGVAAVVEKIRENRGLEELAVSVGVDGTLYKLHPRFSSLVAATVRELAPRCVVTFLQSEDGSGKGAALVTAVACRLAQLTRV	98997.353	0	1000000.0
protein_HPRT1_pc	protein_HPRT1	HPRT1	P00492	pc	P00492	MATRSPGVVISDDEPGYDLDLFCIPNHYAEDLERVFIPHGLIMDRTERLARDVMKEMGGHHIVALCVLKGGYKFFADLLDYIKALNRNSDRSIPMTVDFIRLKSYCNDQSTGDIKVIGGDDLSTLTGKNVLIVEDIIDTGKTMQTLLSLVRQYNPKMVKVASLLVKRTPRSVGYKPDFVGFEIPDKFVVGYALDYNEYFRDLNHVCVISETGKAKYKA	24577.165	0	1000000.0
protein_HSP90AA1_pc	protein_HSP90AA1	HSP90AA1	P07900	pc	P07900-1	MPEETQTQDQPMEEEEVETFAFQAEIAQLMSLIINTFYSNKEIFLRELISNSSDALDKIRYESLTDPSKLDSGKELHINLIPNKQDRTLTIVDTGIGMTKADLINNLGTIAKSGTKAFMEALQAGADISMIGQFGVGFYSAYLVAEKVTVITKHNDDEQYAWESSAGGSFTVRTDTGEPMGRGTKVILHLKEDQTEYLEERRIKEIVKKHSQFIGYPITLFVEKERDKEVSDDEAEEKEDKEEEKEKEEKESEDKPEIEDVGSDEEEEKKDGDKKKKKKIKEKYIDQEELNKTKPIWTRNPDDITNEEYGEFYKSLTNDWEDHLAVKHFSVEGQLEFRALLFVPRRAPFDLFENRKKKNNIKLYVRRVFIMDNCEELIPEYLNFIRGVVDSEDLPLNISREMLQQSKILKVIRKNLVKKCLELFTELAEDKENYKKFYEQFSKNIKLGIHEDSQNRKKLSELLRYYTSASGDEMVSLKDYCTRMKENQKHIYYITGETKDQVANSAFVERLRKHGLEVIYMIEPIDEYCVQQLKEFEGKTLVSVTKEGLELPEDEEEKKKQEEKKTKFENLCKIMKDILEKKVEKVVVSNRLVTSPCCIVTSTYGWTANMERIMKAQALRDNSTMGYMAAKKHLEINPDHSIIETLRQKAEADKNDKSVKDLVILLYETALLSSGFSLEDPQTHANRIYRMIKLGLGIDEDDPTADDTSAAVTEEMPPLEGDDDTSRMEEVD	84617.629	0	1000000.0
protein_HSP90AB1_pc	protein_HSP90AB1	HSP90AB1	P08238	pc	P08238	MPEEVHHGEEEVETFAFQAEIAQLMSLIINTFYSNKEIFLRELISNASDALDKIRYESLTDPSKLDSGKELKIDIIPNPQERTLTLVDTGIGMTKADLINNLGTIAKSGTKAFMEALQAGADISMIGQFGVGFYSAYLVAEKVVVITKHNDDEQYAWESSAGGSFTVRADHGEPIGRGTKVILHLKEDQTEYLEERRVKEVVKKHSQFIGYPITLYLEKEREKEISDDEAEEEKGEKEEEDKDDEEKPKIEDVGSDEEDDSGKDKKKKTKKIKEKYIDQEELNKTKPIWTRNPDDITQEEYGEFYKSLTNDWEDHLAVKHFSVEGQLEFRALLFIPRRAPFDLFENKKKKNNIKLYVRRVFIMDSCDELIPEYLNFIRGVVDSEDLPLNISREMLQQSKILKVIRKNIVKKCLELFSELAEDKENYKKFYEAFSKNLKLGIHEDSTNRRRLSELLRYHTSQSGDEMTSLSEYVSRMKETQKSIYYITGESKEQVANSAFVERVRKRGFEVVYMTEPIDEYCVQQLKEFDGKSLVSVTKEGLELPEDEEEKKKMEESKAKFENLCKLMKEILDKKVEKVTISNRLVSSPCCIVTSTYGWTANMERIMKAQALRDNSTMGYMMAKKHLEINPDHPIVETLRQKAEADKNDKAVKDLVVLLFETALLSSGFSLEDPQTHSNRIYRMIKLGLGIDEDEVAAEEPNAAVPDEIPPLEGDEDASRMEEVD	83223.128	0	1000000.0
protein_HSPA8_pc	protein_HSPA8	HSPA8	P11142	pc	P11142-1	MSKGPAVGIDLGTTYSCVGVFQHGKVEIIANDQGNRTTPSYVAFTDTERLIGDAAKNQVAMNPTNTVFDAKRLIGRRFDDAVVQSDMKHWPFMVVNDAGRPKVQVEYKGETKSFYPEEVSSMVLTKMKEIAEAYLGKTVTNAVVTVPAYFNDSQRQATKDAGTIAGLNVLRIINEPTAAAIAYGLDKKVGAERNVLIFDLGGGTFDVSILTIEDGIFEVKSTAGDTHLGGEDFDNRMVNHFIAEFKRKHKKDISENKRAVRRLRTACERAKRTLSSSTQASIEIDSLYEGIDFYTSITRARFEELNADLFRGTLDPVEKALRDAKLDKSQIHDIVLVGGSTRIPKIQKLLQDFFNGKELNKSINPDEAVAYGAAVQAAILSGDKSENVQDLLLLDVTPLSLGIETAGGVMTVLIKRNTTIPTKQTQTFTTYSDNQPGVLIQVYEGERAMTKDNNLLGKFELTGIPPAPRGVPQIEVTFDIDANGILNVSAVDKSTGKENKITITNDKGRLSKEDIERMVQEAEKYKAEDEKQRDKVSSKNSLESYAFNMKATVEDEKLQGKINDEDKQKILDKCNEIINWLDKNQTAEKEEFEHQQKELEKVCNPIITKLYQSAGGMPGGMPGGFPGGGAPPSGGASSGPTIEEVD	70884.336	0	1000000.0
protein_KCNAB2_pc	protein_KCNAB2	KCNAB2	Q13303	pc	Q13303-1	MYPESTTGSPARLSLRQTGSPGMIYSTRYGSPKRQLQFYRNLGKSGLRVSCLGLGTWVTFGGQITDEMAEQLMTLAYDNGINLFDTAEVYAAGKAEVVLGNIIKKKGWRRSSLVITTKIFWGGKAETERGLSRKHIIEGLKASLERLQLEYVDVVFANRPDPNTPMEETVRAMTHVINQGMAMYWGTSRWSSMEIMEAYSVARQFNLTPPICEQAEYHMFQREKVEVQLPELFHKIGVGAMTWSPLACGIVSGKYDSGIPPYSRASLKGYQWLKDKILSEEGRRQQAKLKELQAIAERLGCTLPQLAIAWCLRNEGVSSVLLGASNADQLMENIGAIQVLPKLSSSIIHEIDSILGNKPYSKKDYRS	41007.919	0	1000000.0
protein_KCNK5_pc	protein_KCNK5	KCNK5	O95279	pc	O95279	MVDRGPLLTSAIIFYLAIGAAIFEVLEEPHWKEAKKNYYTQKLHLLKEFPCLGQEGLDKILEVVSDAAGQGVAITGNQTFNNWNWPNAMIFAATVITTIGYGNVAPKTPAGRLFCVFYGLFGVPLCLTWISALGKFFGGRAKRLGQFLTKRGVSLRKAQITCTVIFIVWGVLVHLVIPPFVFMVTEGWNYIEGLYYSFITISTIGFGDFVAGVNPSANYHALYRYFVELWIYLGLAWLSLFVNWKVSMFVEVHKAIKKRRRRRKESFESSPHSRKALQVKGSTASKDVNIFSFLSKKEETYNDLIKQIGKKAMKTSGGGETGPGPGLGPQGGGLPALPPSLVPLVVYSKNRVPTLEEVSQTLRSKGHVSRSPDEEAVARAPEDSSPAPEVFMNQLDRISEECEPWDAQDYHPLIFQDASITFVNTEAGLSDEETSKSSLEDNLAGEESPQQGAEAKAPLNMGEFPSSSESTFTSTESELSVPYEQLMNEYNKANSPKGT	55126.39	0	1000000.0
protein_KCNN4_pc	protein_KCNN4	KCNN4	O15554	pc	O15554	MGGDLVLGLGALRRRKRLLEQEKSLAGWALVLAGTGIGLMVLHAEMLWFGGCSWALYLFLVKCTISISTFLLLCLIVAFHAKEVQLFMTDNGLRDWRVALTGRQAAQIVLELVVCGLHPAPVRGPPCVQDLGAPLTSPQPWPGFLGQGEALLSLAMLLRLYLVPRAVLLRSGVLLNASYRSIGALNQVRFRHWFVAKLYMNTHPGRLLLGLTLGLWLTTAWVLSVAERQAVNATGHLSDTLWLIPITFLTIGYGDVVPGTMWGKIVCLCTGVMGVCCTALLVAVVARKLEFNKAEKHVHNFMMDIQYTKEMKESAARVLQEAWMFYKHTRRKESHAARRHQRKLLAAINAFRQVRLKHRKLREQVNSMVDISKMHMILYDLQQNLSSSHRALEKQIDTLAGKLDALTELLSTALGPRQLPEPSQQSK	47716.288	0	1000000.0
protein_LDHA_pc	protein_LDHA	LDHA	P00338	pc	P00338-1	MATLKDQLIYNLLKEEQTPQNKITVVGVGAVGMACAISILMKDLADELALVDVIEDKLKGEMMDLQHGSLFLRTPKIVSGKDYNVTANSKLVIITAGARQQEGESRLNLVQRNVNIFKFIIPNVVKYSPNCKLLIVSNPVDILTYVAWKISGFPKNRVIGSGCNLDSARFRYLMGERLGVHPLSCHGWVLGEHGDSSVPVWSGMNVAGVSLKTLHPDLGTDKDKEQWKEVHKQVVESAYEVIKLKGYTSWAIGLSVADLAESIMKNLRRVHPVSTMIKGLYGIKDDVFLSVPCILGQNGISDLVKVTLTSEEEARLKKSADTLWGIQKELQF	36691.428	0	1000000.0
protein_LDHB_pc	protein_LDHB	LDHB	P07195	pc	P07195	MATLKEKLIAPVAEEEATVPNNKITVVGVGQVGMACAISILGKSLADELALVDVLEDKLKGEMMDLQHGSLFLQTPKIVADKDYSVTANSKIVVVTAGVRQQEGESRLNLVQRNVNVFKFIIPQIVKYSPDCIIIVVSNPVDILTYVTWKLSGLPKHRVIGSGCNLDSARFRYLMAEKLGIHPSSCHGWILGEHGDSSVAVWSGVNVAGVSLQELNPEMGTDNDSENWKEVHKMVVESAYEVIKLKGYTNWAIGLSVADLIESMLKNLSRIHPVSTMVKGMYGIENEVFLSLPCILNARGLTSVINQKLKDDEVAQLKKSADTLWDIQKDLKDL	36632.129	0	1000000.0
protein_LHPP_pc	protein_LHPP	LHPP	Q9H008	pc	Q9H008-1	MAPWGKRLAGVRGVLLDISGVLYDSGAGGGTAIAGSVEAVARLKRSRLKVRFCTNESQKSRAELVGQLQRLGFDISEQEVTAPAPAACQILKEQGLRPYLLIHDGVRSEFDQIDTSNPNCVVIADAGESFSYQNMNNAFQVLMELEKPVLISLGKGRYYKETSGLMLDVGPYMKALEYACGIKAEVVGKPSPEFFKSALQAIGVEAHQAVMIGDDIVGDVGGAQRCGMRALQVRTGKFRPSDEHHPEVKADGYVDNLAEAVDLLLQHADK	29161.060999999998	0	1000000.0
protein_NPLOC4_pc	protein_NPLOC4	NPLOC4	Q8TAT6	pc	Q8TAT6-1	MAESIIIRVQSPDGVKRITATKRETAATFLKKVAKEFGFQNNGFSVYINRNKTGEITASSNKSLNLLKIKHGDLLFLFPSSLAGPSSEMETSVPPGFKVFGAPNVVEDEIDQYLSKQDGKIYRSRDPQLCRHGPLGKCVHCVPLEPFDEDYLNHLEPPVKHMSFHAYIRKLTGGADKGKFVALENISCKIKSGCEGHLPWPNGICTKCQPSAITLNRQKYRHVDNIMFENHTVADRFLDFWRKTGNQHFGYLYGRYTEHKDIPLGIRAEVAAIYEPPQIGTQNSLELLEDPKAEVVDEIAAKLGLRKVGWIFTDLVSEDTRKGTVRYSRNKDTYFLSSEECITAGDFQNKHPNMCRLSPDGHFGSKFVTAVATGGPDNQVHFEGYQVSNQCMALVRDECLLPCKDAPELGYAKESSSEQYVPDVFYKDVDKFGNEITQLARPLPVEYLIIDITTTFPKDPVYTFSISQNPFPIENRDVLGETQDFHSLATYLSQNTSSVFLDTISDFHLLLFLVTNEVMPLQDSISLLLEAVRTRNEELAQTWKRSEQWATIEQLCSTVGGQLPGLHEYGAVGGSTHTATAAMWACQHCTFMNQPGTGHCEMCSLPRT	68107.541	0	1000000.0
protein_NSF_pc	protein_NSF	NSF	P46459	pc	P46459-1	MAGRSMQAARCPTDELSLTNCAVVNEKDFQSGQHVIVRTSPNHRYTFTLKTHPSVVPGSIAFSLPQRKWAGLSIGQEIEVSLYTFDKAKQCIGTMTIEIDFLQKKSIDSNPYDTDKMAAEFIQQFNNQAFSVGQQLVFSFNEKLFGLLVKDIEAMDPSILKGEPATGKRQKIEVGLVVGNSQVAFEKAENSSLNLIGKAKTKENRQSIINPDWNFEKMGIGGLDKEFSDIFRRAFASRVFPPEIVEQMGCKHVKGILLYGPPGCGKTLLARQIGKMLNAREPKVVNGPEILNKYVGESEANIRKLFADAEEEQRRLGANSGLHIIIFDEIDAICKQRGSMAGSTGVHDTVVNQLLSKIDGVEQLNNILVIGMTNRPDLIDEALLRPGRLEVKMEIGLPDEKGRLQILHIHTARMRGHQLLSADVDIKELAVETKNFSGAELEGLVRAAQSTAMNRHIKASTKVEVDMEKAESLQVTRGDFLASLENDIKPAFGTNQEDYASYIMNGIIKWGDPVTRVLDDGELLVQQTKNSDRTPLVSVLLEGPPHSGKTALAAKIAEESNFPFIKICSPDKMIGFSETAKCQAMKKIFDDAYKSQLSCVVVDDIERLLDYVPIGPRFSNLVLQALLVLLKKAPPQGRKLLIIGTTSRKDVLQEMEMLNAFSTTIHVPNIATGEQLLEALELLGNFKDKERTTIAQQVKGKKVWIGIKKLLMLIEMSLQMDPEYRVRKFLALLREEGASPLDFD	82590.598	0	1000000.0
protein_NSFL1C_pc	protein_NSFL1C	NSFL1C	Q9UNZ2	pc	Q9UNZ2-1	MAAERQEALREFVAVTGAEEDRARFFLESAGWDLQIALASFYEDGGDEDIVTISQATPSSVSRGTAPSDNRVTSFRDLIHDQDEDEEEEEGQRFYAGGSERSGQQIVGPPRKKSPNELVDDLFKGAKEHGAVAVERVTKSPGETSKPRPFAGGGYRLGAAPEEESAYVAGEKRQHSSQDVHVVLKLWKSGFSLDNGELRSYQDPSNAQFLESIRRGEVPAELRRLAHGGQVNLDMEDHRDEDFVKPKGAFKAFTGEGQKLGSTAPQVLSTSSPAQQAENEAKASSSILIDESEPTTNIQIRLADGGRLVQKFNHSHRISDIRLFIVDARPAMAATSFILMTTFPNKELADESQTLKEANLLNAVIVQRLT	40554.288	0	1000000.0
protein_NT5C2_pc	protein_NT5C2	NT5C2	P49902	pc	P49902-1	MSTSWSDRLQNAADMPANMDKHALKKYRREAYHRVFVNRSLAMEKIKCFGFDMDYTLAVYKSPEYESLGFELTVERLVSIGYPQELLSFAYDSTFPTRGLVFDTLYGNLLKVDAYGNLLVCAHGFNFIRGPETREQYPNKFIQRDDTERFYILNTLFNLPETYLLACLVDFFTNCPRYTSCETGFKDGDLFMSYRSMFQDVRDAVDWVHYKGSLKEKTVENLEKYVVKDGKLPLLLSRMKEVGKVFLATNSDYKYTDKIMTYLFDFPHGPKPGSSHRPWQSYFDLILVDARKPLFFGEGTVLRQVDTKTGKLKIGTYTGPLQHGIVYSGGSSDTICDLLGAKGKDILYIGDHIFGDILKSKKRQGWRTFLVIPELAQELHVWTDKSSLFEELQSLDIFLAELYKHLDSSSNERPDISSIQRRIKKVTHDMDMCYGMMGSLFRSGSRQTLFASQVMRYADLYAASFINLLYYPFSYLFRAAHVLMPHESTVEHTHVDINEMESPLATRNRTSVDFKDTDYKRHQLTRSISEIKPPNLFPLAPQEITHCHDEDDDEEEEEEEE	64955.115	0	1000000.0
protein_P2RX1_pc	protein_P2RX1	P2RX1	P51575	pc	P51575	MARRFQEELAAFLFEYDTPRMVLVRNKKVGVIFRLIQLVVLVYVIGWVFLYEKGYQTSSGLISSVSVKLKGLAVTQLPGLGPQVWDVADYVFPAQGDNSFVVMTNFIVTPKQTQGYCAEHPEGGICKEDSGCTPGKAKRKAQGIRTGKCVAFNDTVKTCEIFGWCPVEVDDDIPRPALLREAENFTLFIKNSISFPRFKVNRRNLVEEVNAAHMKTCLFHKTLHPLCPVFQLGYVVQESGQNFSTLAEKGGVVGITIDWHCDLDWHVRHCRPIYEFHGLYEEKNLSPGFNFRFARHFVENGTNYRHLFKVFGIRFDILVDGKAGKFDIIPTMTTIGSGIGIFGVATVLCDLLLLHILPKRHYYKQKKFKYAEDMGPGAAERDLAATSSTLGLQENMRTS	44986.721	0	1000000.0
protein_P2RX2_pc	protein_P2RX2	P2RX2	Q9UBL9	pc	Q9UBL9-1	MAAAQPKYPAGATARRLARGCWSALWDYETPKVIVVRNRRLGVLYRAVQLLILLYFVWYVFIVQKSYQESETGPESSIITKVKGITTSEHKVWDVEEYVKPPEGGSVFSIITRVEATHSQTQGTCPESIRVHNATCLSDADCVAGELDMLGNGLRTGRCVPYYQGPSKTCEVFGWCPVEDGASVSQFLGTMAPNFTILIKNSIHYPKFHFSKGNIADRTDGYLKRCTFHEASDLYCPIFKLGFIVEKAGESFTELAHKGGVIGVIINWDCDLDLPASECNPKYSFRRLDPKHVPASSGYNFRFAKYYKINGTTTRTLIKAYGIRIDVIVHGQAGKFSLIPTIINLATALTSVGVGSFLCDWILLTFMNKNKVYSHKKFDKVCTPSHPSGSWPVTLARVLGQAPPEPGHRSEDQHPSPPSGQEGQQGAECGPAFPPLRPCPISAPSEQMVDTPASEPAQASTPTDPKGLAQL	51758.763	0	1000000.0
protein_P2RX7_pc	protein_P2RX7	P2RX7	Q99572	pc	Q99572-1	MPACCSCSDVFQYETNKVTRIQSMNYGTIKWFFHVIIFSYVCFALVSDKLYQRKEPVISSVHTKVKGIAEVKEEIVENGVKKLVHSVFDTADYTFPLQGNSFFVMTNFLKTEGQEQRLCPEYPTRRTLCSSDRGCKKGWMDPQSKGIQTGRCVVYEGNQKTCEVSAWCPIEAVEEAPRPALLNSAENFTVLIKNNIDFPGHNYTTRNILPGLNITCTFHKTQNPQCPIFRLGDIFRETGDNFSDVAIQGGIMGIEIYWDCNLDRWFHHCRPKYSFRRLDDKTTNVSLYPGYNFRYAKYYKENNVEKRTLIKVFGIRFDILVFGTGGKFDIIQLVVYIGSTLSYFGLAAVFIDFLIDTYSSNCCRSHIYPWCKCCQPCVVNEYYYRKKCESIVEPKPTLKYVSFVDESHIRMVNQQLLGRSLQDVKGQEVPRPAMDFTDLSRLPLALHDTPPIPGQPEEIQLLRKEATPRSRDSPVWCQCGSCLPSQLPESHRCLEELCCRKKPGACITTSELFRKLVLSRHVLQFLLLYQEPLLALDVDSTNSRLRHCAYRCYATWRFGSQDMADFAILPSCCRWRIRKEFPKSEGQYSGFKSPY	68596.473	0	1000000.0
protein_PANX1_pc	protein_PANX1	PANX1	Q96RD7	pc	Q96RD7-1	MAIAQLATEYVFSDFLLKEPTEPKFKGLRLELAVDKMVTCIAVGLPLLLISLAFAQEISIGTQISCFSPSSFSWRQAAFVDSYCWAAVQQKNSLQSESGNLPLWLHKFFPYILLLFAILLYLPPLFWRFAAAPHICSDLKFIMEELDKVYNRAIKAAKSARDLDMRDGACSVPGVTENLGQSLWEVSESHFKYPIVEQYLKTKKNSNNLIIKYISCRLLTLIIILLACIYLGYYFSLSSLSDEFVCSIKSGILRNDSTVPDQFQCKLIAVGIFQLLSVINLVVYVLLAPVVVYTLFVPFRQKTDVLKVYEILPTFDVLHFKSEGYNDLSLYNLFLEENISEVKSYKCLKVLENIKSSGQGIDPMLLLTNLGMIKMDVVDGKTPMSAEMREEQGNQTAELQGMNIDSETKANNGEKNARQRLLDSSC	48045.661	0	1000000.0
protein_PFKL_pc	protein_PFKL	PFKL	P17858	pc	P17858-1	MAAVDLEKLRASGAGKAIGVLTSGGDAQGMNAAVRAVTRMGIYVGAKVFLIYEGYEGLVEGGENIKQANWLSVSNIIQLGGTIIGSARCKAFTTREGRRAAAYNLVQHGITNLCVIGGDGSLTGANIFRSEWGSLLEELVAEGKISETTARTYSHLNIAGLVGSIDNDFCGTDMTIGTDSALHRIMEVIDAITTTAQSHQRTFVLEVMGRHCGYLALVSALASGADWLFIPEAPPEDGWENFMCERLGETRSRGSRLNIIIIAEGAIDRNGKPISSSYVKDLVVQRLGFDTRVTVLGHVQRGGTPSAFDRILSSKMGMEAVMALLEATPDTPACVVTLSGNQSVRLPLMECVQMTKEVQKAMDDKRFDEATQLRGGSFENNWNIYKLLAHQKPPKEKSNFSLAILNVGAPAAGMNAAVRSAVRTGISHGHTVYVVHDGFEGLAKGQVQEVGWHDVAGWLGRGGSMLGTKRTLPKGQLESIVENIRIYGIHALLVVGGFEAYEGVLQLVEARGRYEELCIVMCVIPATISNNVPGTDFSLGSDTAVNAAMESCDRIKQSASGTKRRVFIVETMGGYCGYLATVTGIAVGADAAYVFEDPFNIHDLKVNVEHMTEKMKTDIQRGLVLRNEKCHDYYTTEFLYNLYSSEGKGVFDCRTNVLGHLQQGGAPTPFDRNYGTKLGVKAMLWLSEKLREVYRKGRVFANAPDSACVIGLKKKAVAFSPVTELKKDTDFEHRMPREQWWLSLRLMLKMLAQYRISMAAYVSGELEHVTRRTLSMDKGF	85017.739	0	1000000.0
protein_PFKM_pc	protein_PFKM	PFKM	P08237	pc	P08237-1	MTHEEHHAAKTLGIGKAIAVLTSGGDAQGMNAAVRAVVRVGIFTGARVFFVHEGYQGLVDGGDHIKEATWESVSMMLQLGGTVIGSARCKDFREREGRLRAAYNLVKRGITNLCVIGGDGSLTGADTFRSEWSDLLSDLQKAGKITDEEATKSSYLNIVGLVGSIDNDFCGTDMTIGTDSALHRIMEIVDAITTTAQSHQRTFVLEVMGRHCGYLALVTSLSCGADWVFIPECPPDDDWEEHLCRRLSETRTRGSRLNIIIVAEGAIDKNGKPITSEDIKNLVVKRLGYDTRVTVLGHVQRGGTPSAFDRILGSRMGVEAVMALLEGTPDTPACVVSLSGNQAVRLPLMECVQVTKDVTKAMDEKKFDEALKLRGRSFMNNWEVYKLLAHVRPPVSKSGSHTVAVMNVGAPAAGMNAAVRSTVRIGLIQGNRVLVVHDGFEGLAKGQIEEAGWSYVGGWTGQGGSKLGTKRTLPKKSFEQISANITKFNIQGLVIIGGFEAYTGGLELMEGRKQFDELCIPFVVIPATVSNNVPGSDFSVGADTALNTICTTCDRIKQSAAGTKRRVFIIETMGGYCGYLATMAGLAAGADAAYIFEEPFTIRDLQANVEHLVQKMKTTVKRGLVLRNEKCNENYTTDFIFNLYSEEGKGIFDSRKNVLGHMQQGGSPTPFDRNFATKMGAKAMNWMSGKIKESYRNGRIFANTPDSGCVLGMRKRALVFQPVAELKDQTDFEHRIPKEQWWLKLRPILKILAKYEIDLDTSDHAHLEHITRKRSGEAAV	85185.858	0	1000000.0
protein_PFKP_pc	protein_PFKP	PFKP	Q01813	pc	Q01813-1	MDADDSRAPKGSLRKFLEHLSGAGKAIGVLTSGGDAQGMNAAVRAVVRMGIYVGAKVYFIYEGYQGMVDGGSNIAEADWESVSSILQVGGTIIGSARCQAFRTREGRLKAACNLLQRGITNLCVIGGDGSLTGANLFRKEWSGLLEELARNGQIDKEAVQKYAYLNVVGMVGSIDNDFCGTDMTIGTDSALHRIIEVVDAIMTTAQSHQRTFVLEVMGRHCGYLALVSALACGADWVFLPESPPEEGWEEQMCVKLSENRARKKRLNIIIVAEGAIDTQNKPITSEKIKELVVTQLGYDTRVTILGHVQRGGTPSAFDRILASRMGVEAVIALLEATPDTPACVVSLNGNHAVRLPLMECVQMTQDVQKAMDERRFQDAVRLRGRSFAGNLNTYKRLAIKLPDDQIPKTNCNVAVINVGAPAAGMNAAVRSAVRVGIADGHRMLAIYDGFDGFAKGQIKEIGWTDVGGWTGQGGSILGTKRVLPGKYLEEIATQMRTHSINALLIIGGFEAYLGLLELSAAREKHEEFCVPMVMVPATVSNNVPGSDFSIGADTALNTITDTCDRIKQSASGTKRRVFIIETMGGYCGYLANMGGLAAGADAAYIFEEPFDIRDLQSNVEHLTEKMKTTIQRGLVLRNESCSENYTTDFIYQLYSEEGKGVFDCRKNVLGHMQQGGAPSPFDRNFGTKISARAMEWITAKLKEARGRGKKFTTDDSICVLGISKRNVIFQPVAELKKQTDFEHRIPKEQWWLKLRPLMKILAKYKASYDVSDSGQLEHVQPWSV	85596.376	0	1000000.0
protein_PGAM1_pc	protein_PGAM1	PGAM1	P18669	pc	P18669	MAAYKLVLIRHGESAWNLENRFSGWYDADLSPAGHEEAKRGGQALRDAGYEFDICFTSVQKRAIRTLWTVLDAIDQMWLPVVRTWRLNERHYGGLTGLNKAETAAKHGEAQVKIWRRSYDVPPPPMEPDHPFYSNISKDRRYADLTEDQLPSCESLKDTIARALPFWNEEIVPQIKEGKRVLIAAHGNSLRGIVKHLEGLSEEAIMELNLPTGIPIVYELDKNLKPIKPMQFLGDEETVRKAMEAVAAQGKAKK	28802.652	0	1000000.0
protein_PGD_pc	protein_PGD	PGD	P52209	pc	P52209-1	MAQADIALIGLAVMGQNLILNMNDHGFVVCAFNRTVSKVDDFLANEAKGTKVVGAQSLKEMVSKLKKPRRIILLVKAGQAVDDFIEKLVPLLDTGDIIIDGGNSEYRDTTRRCRDLKAKGILFVGSGVSGGEEGARYGPSLMPGGNKEAWPHIKTIFQGIAAKVGTGEPCCDWVGDEGAGHFVKMVHNGIEYGDMQLICEAYHLMKDVLGMAQDEMAQAFEDWNKTELDSFLIEITANILKFQDTDGKHLLPKIRDSAGQKGTGKWTAISALEYGVPVTLIGEAVFARCLSSLKDERIQASKKLKGPQKFQFDGDKKSFLEDIRKALYASKIISYAQGFMLLRQAATEFGWTLNYGGIALMWRGGCIIRSVFLGKIKDAFDRNPELQNLLLDDFFKSAVENCQDSWRRAVSTGVQAGIPMPCFTTALSFYDGYRHEMLPASLIQAQRDYFGAHTYELLAKPGQFIHTNWTGHGGTVSSSSYNA	53138.534	0	1000000.0
protein_PGK1_pc	protein_PGK1	PGK1	P00558	pc	P00558-1	MSLSNKLTLDKLDVKGKRVVMRVDFNVPMKNNQITNNQRIKAAVPSIKFCLDNGAKSVVLMSHLGRPDGVPMPDKYSLEPVAVELKSLLGKDVLFLKDCVGPEVEKACANPAAGSVILLENLRFHVEEEGKGKDASGNKVKAEPAKIEAFRASLSKLGDVYVNDAFGTAHRAHSSMVGVNLPQKAGGFLMKKELNYFAKALESPERPFLAILGGAKVADKIQLINNMLDKVNEMIIGGGMAFTFLKVLNNMEIGTSLFDEEGAKIVKDLMSKAEKNGVKITLPVDFVTADKFDENAKTGQATVASGIPAGWMGLDCGPESSKKYAEAVTRAKQIVWNGPVGVFEWEAFARGTKALMDEVVKATSRGCITIIGGGDTATCCAKWNTEDKVSHVSTGGGASLELLEGKVLPGVDALSNI	44617.349	0	1000000.0
protein_PGK2_pc	protein_PGK2	PGK2	P07205	pc	P07205	MSLSKKLTLDKLDVRGKRVIMRVDFNVPMKKNQITNNQRIKASIPSIKYCLDNGAKAVVLMSHLGRPDGVPMPDKYSLAPVAVELKSLLGKDVLFLKDCVGAEVEKACANPAPGSVILLENLRFHVEEEGKGQDPSGKKIKAEPDKIEAFRASLSKLGDVYVNDAFGTAHRAHSSMVGVNLPHKASGFLMKKELDYFAKALENPVRPFLAILGGAKVADKIQLIKNMLDKVNEMIIGGGMAYTFLKVLNNMEIGASLFDEEGAKIVKDIMAKAQKNGVRITFPVDFVTGDKFDENAQVGKATVASGISPGWMGLDCGPESNKNHAQVVAQARLIVWNGPLGVFEWDAFAKGTKALMDEIVKATSKGCITVIGGGDTATCCAKWNTEDKVSHVSTGGGASLELLEGKILPGVEALSNM	44801.811	0	1000000.0
protein_PGLS_pc	protein_PGLS	PGLS	O95336	pc	O95336	MAAPAPGLISVFSSSQELGAALAQLVAQRAACCLAGARARFALGLSGGSLVSMLARELPAAVAPAGPASLARWTLGFCDERLVPFDHAESTYGLYRTHLLSRLPIPESQVITINPELPVEEAAEDYAKKLRQAFQGDSIPVFDLLILGVGPDGHTCSLFPDHPLLQEREKIVAPISDSPKPPPQRVTLTLPVLNAARTVIFVATGEGKAAVLKRILEDQEENPLPAALVQPHTGKLCWFLDEAAARLLTVPFEKHSTL	27541.558	0	1000000.0
protein_PGM2_pc	protein_PGM2	PGM2	Q96G03	pc	Q96G03-1	MAAPEGSGLGEDARLDQETAQWLRWDKNSLTLEAVKRLIAEGNKEELRKCFGARMEFGTAGLRAAMGPGISRMNDLTIIQTTQGFCRYLEKQFSDLKQKGIVISFDARAHPSSGGSSRRFARLAATTFISQGIPVYLFSDITPTPFVPFTVSHLKLCAGIMITASHNPKQDNGYKVYWDNGAQIISPHDKGISQAIEENLEPWPQAWDDSLIDSSPLLHNPSASINNDYFEDLKKYCFHRSVNRETKVKFVHTSVHGVGHSFVQSAFKAFDLVPPEAVPEQKDPDPEFPTVKYPNPEEGKGVLTLSFALADKTKARIVLANDPDADRLAVAEKQDSGEWRVFSGNELGALLGWWLFTSWKEKNQDRSALKDTYMLSSTVSSKILRAIALKEGFHFEETLTGFKWMGNRAKQLIDQGKTVLFAFEEAIGYMCCPFVLDKDGVSAAVISAELASFLATKNLSLSQQLKAIYVEYGYHITKASYFICHDQETIKKLFENLRNYDGKNNYPKACGKFEISAIRDLTTGYDDSQPDKKAVLPTSKSSQMITFTFANGGVATMRTSGTEPKIKYYAELCAPPGNSDPEQLKKELNELVSAIEEHFFQPQKYNLQPKAD	68277.717	0	1000000.0
protein_PIEZO1_pc	protein_PIEZO1	PIEZO1	Q92508	pc	Q92508	MEPHVLGAVLYWLLLPCALLAACLLRFSGLSLVYLLFLLLLPWFPGPTRCGLQGHTGRLLRALLGLSLLFLVAHLALQICLHIVPRLDQLLGPSCSRWETLSRHIGVTRLDLKDIPNAIRLVAPDLGILVVSSVCLGICGRLARNTRQSPHPRELDDDERDVDASPTAGLQEAATLAPTRRSRLAARFRVTAHWLLVAAGRVLAVTLLALAGIAHPSALSSVYLLLFLALCTWWACHFPISTRGFSRLCVAVGCFGAGHLICLYCYQMPLAQALLPPAGIWARVLGLKDFVGPTNCSSPHALVLNTGLDWPVYASPGVLLLLCYATASLRKLRAYRPSGQRKEAAKGYEARELELAELDQWPQERESDQHVVPTAPDTEADNCIVHELTGQSSVLRRPVRPKRAEPREASPLHSLGHLIMDQSYVCALIAMMVWSITYHSWLTFVLLLWACLIWTVRSRHQLAMLCSPCILLYGMTLCCLRYVWAMDLRPELPTTLGPVSLRQLGLEHTRYPCLDLGAMLLYTLTFWLLLRQFVKEKLLKWAESPAALTEVTVADTEPTRTQTLLQSLGELVKGVYAKYWIYVCAGMFIVVSFAGRLVVYKIVYMFLFLLCLTLFQVYYSLWRKLLKAFWWLVVAYTMLVLIAVYTFQFQDFPAYWRNLTGFTDEQLGDLGLEQFSVSELFSSILVPGFFLLACILQLHYFHRPFMQLTDMEHVSLPGTRLPRWAHRQDAVSGTPLLREEQQEHQQQQQEEEEEEEDSRDEGLGVATPHQATQVPEGAAKWGLVAERLLELAAGFSDVLSRVQVFLRRLLELHVFKLVALYTVWVALKEVSVMNLLLVVLWAFALPYPRFRPMASCLSTVWTCVIIVCKMLYQLKVVNPQEYSSNCTEPFPNSTNLLPTEISQSLLYRGPVDPANWFGVRKGFPNLGYIQNHLQVLLLLVFEAIVYRRQEHYRRQHQLAPLPAQAVFASGTRQQLDQDLLGCLKYFINFFFYKFGLEICFLMAVNVIGQRMNFLVTLHGCWLVAILTRRHRQAIARLWPNYCLFLALFLLYQYLLCLGMPPALCIDYPWRWSRAVPMNSALIKWLYLPDFFRAPNSTNLISDFLLLLCASQQWQVFSAERTEEWQRMAGVNTDRLEPLRGEPNPVPNFIHCRSYLDMLKVAVFRYLFWLVLVVVFVTGATRISIFGLGYLLACFYLLLFGTALLQRDTRARLVLWDCLILYNVTVIISKNMLSLLACVFVEQMQTGFCWVIQLFSLVCTVKGYYDPKEMMDRDQDCLLPVEEAGIIWDSVCFFFLLLQRRVFLSHYYLHVRADLQATALLASRGFALYNAANLKSIDFHRRIEEKSLAQLKRQMERIRAKQEKHRQGRVDRSRPQDTLGPKDPGLEPGPDSPGGSSPPRRQWWRPWLDHATVIHSGDYFLFESDSEEEEEAVPEDPRPSAQSAFQLAYQAWVTNAQAVLRRRQQEQEQARQEQAGQLPTGGGPSQEVEPAEGPEEAAAGRSHVVQRVLSTAQFLWMLGQALVDELTRWLQEFTRHHGTMSDVLRAERYLLTQELLQGGEVHRGVLDQLYTSQAEATLPGPTEAPNAPSTVSSGLGAEEPLSSMTDDMGSPLSTGYHTRSGSEEAVTDPGEREAGASLYQGLMRTASELLLDRRLRIPELEEAELFAEGQGRALRLLRAVYQCVAAHSELLCYFIIILNHMVTASAGSLVLPVLVFLWAMLSIPRPSKRFWMTAIVFTEIAVVVKYLFQFGFFPWNSHVVLRRYENKPYFPPRILGLEKTDGYIKYDLVQLMALFFHRSQLLCYGLWDHEEDSPSKEHDKSGEEEQGAEEGPGVPAATTEDHIQVEARVGPTDGTPEPQVELRPRDTRRISLRFRRRKKEGPARKGAAAIEAEDREEEEGEEEKEAPTGREKRPSRSGGRVRAAGRRLQGFCLSLAQGTYRPLRRFFHDILHTKYRAATDVYALMFLADVVDFIIIIFGFWAFGKHSAATDITSSLSDDQVPEAFLVMLLIQFSTMVVDRALYLRKTVLGKLAFQVALVLAIHLWMFFILPAVTERMFNQNVVAQLWYFVKCIYFALSAYQIRCGYPTRILGNFLTKKYNHLNLFLFQGFRLVPFLVELRAVMDWVWTDTTLSLSSWMCVEDIYANIFIIKCSRETEKKYPQPKGQKKKKIVKYGMGGLIILFLIAIIWFPLLFMSLVRSVVGVVNQPIDVTVTLKLGGYEPLFTMSAQQPSIIPFTAQAYEELSRQFDPQPLAMQFISQYSPEDIVTAQIEGSSGALWRISPPSRAQMKRELYNGTADITLRFTWNFQRDLAKGGTVEYANEKHMLALAPNSTARRQLASLLEGTSDQSVVIPNLFPKYIRAPNGPEANPVKQLQPNEEADYLGVRIQLRREQGAGATGFLEWWVIELQECRTDCNLLPMVIFSDKVSPPSLGFLAGYGIMGLYVSIVLVIGKFVRGFFSEISHSIMFEELPCVDRILKLCQDIFLVRETRELELEEELYAKLIFLYRSPETMIKWTREKE	286786.914	0	1000000.0
protein_PKLR_pc	protein_PKLR	PKLR	P30613	pc	P30613-1	MSIQENISSLQLRSWVSKSQRDLAKSILIGAPGGPAGYLRRASVAQLTQELGTAFFQQQQLPAAMADTFLEHLCLLDIDSEPVAARSTSIIATIGPASRSVERLKEMIKAGMNIARLNFSHGSHEYHAESIANVREAVESFAGSPLSYRPVAIALDTKGPEIRTGILQGGPESEVELVKGSQVLVTVDPAFRTRGNANTVWVDYPNIVRVVPVGGRIYIDDGLISLVVQKIGPEGLVTQVENGGVLGSRKGVNLPGAQVDLPGLSEQDVRDLRFGVEHGVDIVFASFVRKASDVAAVRAALGPEGHGIKIISKIENHEGVKRFDEILEVSDGIMVARGDLGIEIPAEKVFLAQKMMIGRCNLAGKPVVCATQMLESMITKPRPTRAETSDVANAVLDGADCIMLSGETAKGNFPVEAVKMQHAIAREAEAAVYHRQLFEELRRAAPLSRDPTEVTAIGAVEAAFKCCAAAIIVLTTTGRSAQLLSRYRPRAAVIAVTRSAQAARQVHLCRGVFPLLYREPPEAIWADDVDRRVQFGIESGKLRGFLRVGDLVIVVTGWRPGSGYTNIMRVLSIS	61830.604	0	1000000.0
protein_PKM_pc	protein_PKM	PKM	P14618	pc	P14618-1	MSKPHSEAGTAFIQTQQLHAAMADTFLEHMCRLDIDSPPITARNTGIICTIGPASRSVETLKEMIKSGMNVARLNFSHGTHEYHAETIKNVRTATESFASDPILYRPVAVALDTKGPEIRTGLIKGSGTAEVELKKGATLKITLDNAYMEKCDENILWLDYKNICKVVEVGSKIYVDDGLISLQVKQKGADFLVTEVENGGSLGSKKGVNLPGAAVDLPAVSEKDIQDLKFGVEQDVDMVFASFIRKASDVHEVRKVLGEKGKNIKIISKIENHEGVRRFDEILEASDGIMVARGDLGIEIPAEKVFLAQKMMIGRCNRAGKPVICATQMLESMIKKPRPTRAEGSDVANAVLDGADCIMLSGETAKGDYPLEAVRMQHLIAREAEAAIYHLQLFEELRRLAPITSDPTEATAVGAVEASFKCCSGAIIVLTKSGRSAHQVARYRPRAPIIAVTRNPQTARQAHLYRGIFPVLCKDPVQEAWAEDVDLRVNFAMNVGKARGFFKKGDVVIVLTGWRPGSGFTNTMRVVPVP	57938.419	0	1000000.0
protein_PLAA_pc	protein_PLAA	PLAA	Q9Y263	pc	Q9Y263	MTSGATRYRLSCSLRGHELDVRGLVCCAYPPGAFVSVSRDRTTRLWAPDSPNRSFTEMHCMSGHSNFVSCVCIIPSSDIYPHGLIATGGNDHNICIFSLDSPMPLYILKGHKNTVCSLSSGKFGTLLSGSWDTTAKVWLNDKCMMTLQGHTAAVWAVKILPEQGLMLTGSADKTVKLWKAGRCERTFSGHEDCVRGLAILSETEFLSCANDASIRRWQITGECLEVYYGHTNYIYSISVFPNCRDFVTTAEDRSLRIWKHGECAQTIRLPAQSIWCCCVLDNGDIVVGASDGIIRVFTESEDRTASAEEIKAFEKELSHATIDSKTGDLGDINAEQLPGREHLNEPGTREGQTRLIRDGEKVEAYQWSVSEGRWIKIGDVVGSSGANQQTSGKVLYEGKEFDYVFSIDVNEGGPSYKLPYNTSDDPWLTAYNFLQKNDLNPMFLDQVAKFIIDNTKGQMLGLGNPSFSDPFTGGGRYVPGSSGSSNTLPTADPFTGAGRYVPGSASMGTTMAGVDPFTGNSAYRSAASKTMNIYFPKKEAVTFDQANPTQILGKLKELNGTAPEEKKLTEDDLILLEKILSLICNSSSEKPTVQQLQILWKAINCPEDIVFPALDILRLSIKHPSVNENFCNEKEGAQFSSHLINLLNPKGKPANQLLALRTFCNCFVGQAGQKLMMSQRESLMSHAIELKSGSNKNIHIALATLALNYSVCFHKDHNIEGKAQCLSLISTILEVVQDLEATFRLLVALGTLISDDSNAVQLAKSLGVDSQIKKYSSVSEPAKVSECCRFILNLL	87145.294	0	1000000.0
protein_PNP_pc	protein_PNP	PNP	P00491	pc	P00491	MENGYTYEDYKNTAEWLLSHTKHRPQVAIICGSGLGGLTDKLTQAQIFDYGEIPNFPRSTVPGHAGRLVFGFLNGRACVMMQGRFHMYEGYPLWKVTFPVRVFHLLGVDTLVVTNAAGGLNPKFEVGDIMLIRDHINLPGFSGQNPLRGPNDERFGDRFPAMSDAYDRTMRQRALSTWKQMGEQRELQEGTYVMVAGPSFETVAECRVLQKLGADAVGMSTVPEVIVARHCGLRVFGFSLITNKVIMDYESLEKANHEEVLAAGKQAAQKLEQFVSILMASIPLPDKAS	32115.581	0	1000000.0
protein_PPA1_pc	protein_PPA1	PPA1	Q15181	pc	Q15181	MSGFSTEERAAPFSLEYRVFLKNEKGQYISPFHDIPIYADKDVFHMVVEVPRWSNAKMEIATKDPLNPIKQDVKKGKLRYVANLFPYKGYIWNYGAIPQTWEDPGHNDKHTGCCGDNDPIDVCEIGSKVCARGEIIGVKVLGILAMIDEGETDWKVIAINVDDPDAANYNDINDVKRLKPGYLEATVDWFRRYKVPDGKPENEFAFNAEFKDKDFAIDIIKSTHDHWKALVTKKTNGKGISCMNTTLSESPFKCDPDAARAIVDALPPPCESACTVPTDVDKWFHHQKN	32651.695	0	1000000.0
protein_PPA2_pc	protein_PPA2	PPA2	Q9H2U2	pc	Q9H2U2-1	MSALLRLLRTGAPAAACLRLGTSAGTGSRRAMALYHTEERGQPCSQNYRLFFKNVTGHYISPFHDIPLKVNSKEENGIPMKKARNDEYENLFNMIVEIPRWTNAKMEIATKEPMNPIKQYVKDGKLRYVANIFPYKGYIWNYGTLPQTWEDPHEKDKSTNCFGDNDPIDVCEIGSKILSCGEVIHVKILGILALIDEGETDWKLIAINANDPEASKFHDIDDVKKFKPGYLEATLNWFRLYKVPDGKPENQFAFNGEFKNKAFALEVIKSTHQCWKALLMKKCNGGAINCTNVQISDSPFRCTQEEARSLVESVSSSPNKESNEEEQVWHFLGK	37919.904	0	1000000.0
protein_PRPS1_pc	protein_PRPS1	PRPS1	P60891	pc	P60891-1	MPNIKIFSGSSHQDLSQKIADRLGLELGKVVTKKFSNQETCVEIGESVRGEDVYIVQSGCGEINDNLMELLIMINACKIASASRVTAVIPCFPYARQDKKDKSRAPISAKLVANMLSVAGADHIITMDLHASQIQGFFDIPVDNLYAEPAVLKWIRENISEWRNCTIVSPDAGGAKRVTSIADRLNVDFALIHKERKKANEVDRMVLVGDVKDRVAILVDDMADTCGTICHAADKLLSAGATRVYAILTHGIFSGPAISRINNACFEAVVVTNTIPQEDKMKHCSKIQVIDISMILAEAIRRTHNGESVSYLFSHVPL	34831.943999999996	0	1000000.0
protein_PRPS1L1_pc	protein_PRPS1L1	PRPS1L1	P21108	pc	P21108	MPNIKIFSGSSHQDLSQKIADRLGLELGKVVTKKFSNQETCVEIDESVRGEDVYIVQSGCGEINDSLMELLIMINACKIASASRVTAVIPCFPYARQDKKDKSRSPISAKLVANMLSIAGADHIITMDLHASQIQGFFDIPVDNLYAEPTVLKWIRENIPEWKNCIIVSPDAGGAKRVTSIADQLNVDFALIHKERKKANEVDCIVLVGDVNDRVAILVDDMADTCVTICLAADKLLSAGATRVYAILTHGIFSGPAISRINTACFEAVVVTNTIPQDEKMKHCSKIRVIDISMILAEAIRRTHNGESVSYLFSHVPL	34834.009	0	1000000.0
protein_PRPS2_pc	protein_PRPS2	PRPS2	P11908	pc	P11908-1	MPNIVLFSGSSHQDLSQRVADRLGLELGKVVTKKFSNQETSVEIGESVRGEDVYIIQSGCGEINDNLMELLIMINACKIASSSRVTAVIPCFPYARQDKKDKSRAPISAKLVANMLSVAGADHIITMDLHASQIQGFFDIPVDNLYAEPAVLQWIRENIAEWKNCIIVSPDAGGAKRVTSIADRLNVEFALIHKERKKANEVDRMVLVGDVKDRVAILVDDMADTCGTICHAADKLLSAGATKVYAILTHGIFSGPAISRINNAAFEAVVVTNTIPQEDKMKHCTKIQVIDISMILAEAIRRTHNGESVSYLFSHVPL	34764.805	0	1000000.0
protein_PRUNE1_pc	protein_PRUNE1	PRUNE1	Q86TP1	pc	Q86TP1-1	MEDYLQGCRAALQESRPLHVVLGNEACDLDSTVSALALAFYLAKTTEAEEVFVPVLNIKRSELPLRGDIVFFLQKVHIPESILIFRDEIDLHALYQAGQLTLILVDHHILSKSDTALEEAVAEVLDHRPIEPKHCPPCHVSVELVGSCATLVTERILQGAPEILDRQTAALLHGTIILDCVNMDLKIGKATPKDSKYVEKLEALFPDLPKRNDIFDSLQKAKFDVSGLTTEQMLRKDQKTIYRQGVKVAISAIYMDLEAFLQRSNLLADLHAFCQAHSYDVLVAMTIFFNTHNEPVRQLAIFCPHVALQTTICEVLERSHSPPLKLTPASSTHPNLHAYLQGNTQVSRKKLLPLLQEALSAYFDSMKIPSGQPETADVSREQVDKELDRASNSLISGLSQDEEDPPLPPTPMNSLVDECPLDQGLPKLSAEAVFEKCSQISLSQSTTASLSKK	50180.032	0	1000000.0
protein_RHAG_pc	protein_RHAG	RHAG	Q02094	pc	Q02094-1	MRFTFPLMAIVLEIAMIVLFGLFVEYETDQTVLEQLNITKPTDMGIFFELYPLFQDVHVMIFVGFGFLMTFLKKYGFSSVGINLLVAALGLQWGTIVQGILQSQGQKFNIGIKNMINADFSAATVLISFGAVLGKTSPTQMLIMTILEIVFFAHNEYLVSEIFKASDIGASMTIHAFGAYFGLAVAGILYRSGLRKGHENEESAYYSDLFAMIGTLFLWMFWPSFNSAIAEPGDKQCRAIVNTYFSLAACVLTAFAFSSLVEHRGKLNMVHIQNATLAGGVAVGTCADMAIHPFGSMIIGSIAGMVSVLGYKFLTPLFTTKLRIHDTCGVHNLHGLPGVVGGLAGIVAVAMGASNTSMAMQAAALGSSIGTAVVGGLMTGLILKLPLWGQPSDQNCYDDSVYWKVPKTR	44194.501	0	1000000.0
protein_RHCE_pc	protein_RHCE	RHCE	P18577	pc	P18577-1	MSSKYPRSVRRCLPLCALTLEAALILLFYFFTHYDASLEDQKGLVASYQVGQDLTVMAALGLGFLTSNFRRHSWSSVAFNLFMLALGVQWAILLDGFLSQFPPGKVVITLFSIRLATMSAMSVLISAGAVLGKVNLAQLVVMVLVEVTALGTLRMVISNIFNTDYHMNLRHFYVFAAYFGLTVAWCLPKPLPKGTEDNDQRATIPSLSAMLGALFLWMFWPSVNSALLRSPIQRKNAMFNTYYALAVSVVTAISGSSLAHPQRKISMTYVHSAVLAGGVAVGTSCHLIPSPWLAMVLGLVAGLISIGGAKCLPVCCNRVLGIHHISVMHSIFSLLGLLGEITYIVLLVLHTVWNGNGMIGFQVLLSIGELSLAIVIALTSGLLTGLLLNLKIWKAPHVAKYFDDQVFWKFPHLAVGF	45461.77	0	1000000.0
protein_RHD_pc	protein_RHD	RHD	Q02161	pc	Q02161-1	MSSKYPRSVRRCLPLWALTLEAALILLFYFFTHYDASLEDQKGLVASYQVGQDLTVMAAIGLGFLTSSFRRHSWSSVAFNLFMLALGVQWAILLDGFLSQFPSGKVVITLFSIRLATMSALSVLISVDAVLGKVNLAQLVVMVLVEVTALGNLRMVISNIFNTDYHMNMMHIYVFAAYFGLSVAWCLPKPLPEGTEDKDQTATIPSLSAMLGALFLWMFWPSFNSALLRSPIERKNAVFNTYYAVAVSVVTAISGSSLAHPQGKISKTYVHSAVLAGGVAVGTSCHLIPSPWLAMVLGLVAGLISVGGAKYLPGCCNRVLGIPHSSIMGYNFSLLGLLGEIIYIVLLVLDTVGAGNGMIGFQVLLSIGELSLAIVIALMSGLLTGLLLNLKIWKAPHEAKYFDDQVFWKFPHLAVGF	45214.176999999996	0	1000000.0
protein_RPE_pc	protein_RPE	RPE	Q96AT9	pc	Q96AT9-1	MASGCKIGPSILNSDLANLGAECLRMLDSGADYLHLDVMDGHFVPNITFGHPVVESLRKQLGQDPFFDMHMMVSKPEQWVKPMAVAGANQYTFHLEATENPGALIKDIRENGMKVGLAIKPGTSVEYLAPWANQIDMALVMTVEPGFGGQKFMEDMMPKVHWLRTQFPSLDIEVDGGVGPDTVHKCAEAGANMIVSGSAIMRSEDPRSVINLLRNVCSEAAQKRSLDR	24919.478	0	1000000.0
protein_RPIA_pc	protein_RPIA	RPIA	P49247	pc	P49247	MQRPGPFSTLYGRVLAPLPGRAGGAASGGGGNSWDLPGSHVRLPGRAQSGTRGGAGNTSTSCGDSNSICPAPSTMSKAEEAKKLAGRAAVENHVRNNQVLGIGSGSTIVHAVQRIAERVKQENLNLVCIPTSFQARQLILQYGLTLSDLDRHPEIDLAIDGADEVDADLNLIKGGGGCLTQEKIVAGYASRFIVIADFRKDSKNLGDQWHKGIPIEVIPMAYVPVSRAVSQKFGGVVELRMAVNKAGPVVTDNGNFILDWKFDRVHKWSEVNTAIKMIPGVVDTGLFINMAERVYFGMQDGSVNMREKPFC	33272.693999999996	0	1000000.0
protein_RUVBL1_pc	protein_RUVBL1	RUVBL1	Q9Y265	pc	Q9Y265-1	MKIEEVKSTTKTQRIASHSHVKGLGLDESGLAKQAASGLVGQENAREACGVIVELIKSKKMAGRAVLLAGPPGTGKTALALAIAQELGSKVPFCPMVGSEVYSTEIKKTEVLMENFRRAIGLRIKETKEVYEGEVTELTPCETENPMGGYGKTISHVIIGLKTAKGTKQLKLDPSIFESLQKERVEAGDVIYIEANSGAVKRQGRCDTYATEFDLEAEEYVPLPKGDVHKKKEIIQDVTLHDLDVANARPQGGQDILSMMGQLMKPKKTEITDKLRGEINKVVNKYIDQGIAELVPGVLFVDEVHMLDIECFTYLHRALESSIAPIVIFASNRGNCVIRGTEDITSPHGIPLDLLDRVMIIRTMLYTPQEMKQIIKIRAQTEGINISEEALNHLGEIGTKTTLRYSVQLLTPANLLAKINGKDSIEKEHVEEISELFYDAKSSAKILADQQDKYMK	50221.525	0	1000000.0
protein_RUVBL2_pc	protein_RUVBL2	RUVBL2	Q9Y230	pc	Q9Y230-1	MATVTATTKVPEIRDVTRIERIGAHSHIRGLGLDDALEPRQASQGMVGQLAARRAAGVVLEMIREGKIAGRAVLIAGQPGTGKTAIAMGMAQALGPDTPFTAIAGSEIFSLEMSKTEALTQAFRRSIGVRIKEETEIIEGEVVEIQIDRPATGTGSKVGKLTLKTTEMETIYDLGTKMIESLTKDKVQAGDVITIDKATGKISKLGRSFTRARDYDAMGSQTKFVQCPDGELQKRKEVVHTVSLHEIDVINSRTQGFLALFSGDTGEIKSEVREQINAKVAEWREEGKAEIIPGVLFIDEVHMLDIESFSFLNRALESDMAPVLIMATNRGITRIRGTSYQSPHGIPIDLLDRLLIVSTTPYSEKDTKQILRIRCEEEDVEMSEDAYTVLTRIGLETSLRYAIQLITAASLVCRKRKGTEVQVDDIKRVYSLFLDESRSTQYMKEYQDAFLFNELKGETMDTS	51147.047	0	1000000.0
protein_SCN4A_pc	protein_SCN4A	SCN4A	P35499	pc	P35499	MARPSLCTLVPLGPECLRPFTRESLAAIEQRAVEEEARLQRNKQMEIEEPERKPRSDLEAGKNLPMIYGDPPPEVIGIPLEDLDPYYSNKKTFIVLNKGKAIFRFSATPALYLLSPFSVVRRGAIKVLIHALFSMFIMITILTNCVFMTMSDPPPWSKNVEYTFTGIYTFESLIKILARGFCVDDFTFLRDPWNWLDFSVIMMAYLTEFVDLGNISALRTFRVLRALKTITVIPGLKTIVGALIQSVKKLSDVMILTVFCLSVFALVGLQLFMGNLRQKCVRWPPPFNDTNTTWYSNDTWYGNDTWYGNEMWYGNDSWYANDTWNSHASWATNDTFDWDAYISDEGNFYFLEGSNDALLCGNSSDAGHCPEGYECIKTGRNPNYGYTSYDTFSWAFLALFRLMTQDYWENLFQLTLRAAGKTYMIFFVVIIFLGSFYLINLILAVVAMAYAEQNEATLAEDKEKEEEFQQMLEKFKKHQEELEKAKAAQALEGGEADGDPAHGKDCNGSLDTSQGEKGAPRQSSSGDSGISDAMEELEEAHQKCPPWWYKCAHKVLIWNCCAPWLKFKNIIHLIVMDPFVDLGITICIVLNTLFMAMEHYPMTEHFDNVLTVGNLVFTGIFTAEMVLKLIAMDPYEYFQQGWNIFDSIIVTLSLVELGLANVQGLSVLRSFRLLRVFKLAKSWPTLNMLIKIIGNSVGALGNLTLVLAIIVFIFAVVGMQLFGKSYKECVCKIALDCNLPRWHMHDFFHSFLIVFRILCGEWIETMWDCMEVAGQAMCLTVFLMVMVIGNLVVLNLFLALLLSSFSADSLAASDEDGEMNNLQIAIGRIKLGIGFAKAFLLGLLHGKILSPKDIMLSLGEADGAGEAGEAGETAPEDEKKEPPEEDLKKDNHILNHMGLADGPPSSLELDHLNFINNPYLTIQVPIASEESDLEMPTEEETDTFSEPEDSKKPPQPLYDGNSSVCSTADYKPPEEDPEEQAEENPEGEQPEECFTEACVQRWPCLYVDISQGRGKKWWTLRRACFKIVEHNWFETFIVFMILLSSGALAFEDIYIEQRRVIRTILEYADKVFTYIFIMEMLLKWVAYGFKVYFTNAWCWLDFLIVDVSIISLVANWLGYSELGPIKSLRTLRALRPLRALSRFEGMRVVVNALLGAIPSIMNVLLVCLIFWLIFSIMGVNLFAGKFYYCINTTTSERFDISEVNNKSECESLMHTGQVRWLNVKVNYDNVGLGYLSLLQVATFKGWMDIMYAAVDSREKEEQPQYEVNLYMYLYFVIFIIFGSFFTLNLFIGVIIDNFNQQKKKLGGKDIFMTEEQKKYYNAMKKLGSKKPQKPIPRPQNKIQGMVYDLVTKQAFDITIMILICLNMVTMMVETDNQSQLKVDILYNINMIFIIIFTGECVLKMLALRQYYFTVGWNIFDFVVVILSIVGLALSDLIQKYFVSPTLFRVIRLARIGRVLRLIRGAKGIRTLLFALMMSLPALFNIGLLLFLVMFIYSIFGMSNFAYVKKESGIDDMFNFETFGNSIICLFEITTSAGWDGLLNPILNSGPPDCDPNLENPGTSVKGDCGNPSIGICFFCSYIIISFLIVVNMYIAIILENFNVATEESSEPLGEDDFEMFYETWEKFDPDATQFIAYSRLSDFVDTLQEPLRIAKPNKIKLITLDLPMVPGDKIHCLDILFALTKEVLGDSGEMDALKQTMEEKFMAANPSKVSYEPITTTLKRKHEEVCAIKIQRAYRRHLLQRSMKQASYMYRHSHDGSGDDAPEKEGLLANTMSKMYGHENGNSSSPSPEEKGEAGDAGPTMGLMPISPSDTAWPPAPPPGQTVRPGVKESLV	207997.94100000002	0	1000000.0
protein_SCN9A_pc	protein_SCN9A	SCN9A	Q15858	pc	Q15858-1	MAMLPPPGPQSFVHFTKQSLALIEQRIAERKSKEPKEEKKDDDEEAPKPSSDLEAGKQLPFIYGDIPPGMVSEPLEDLDPYYADKKTFIVLNKGKTIFRFNATPALYMLSPFSPLRRISIKILVHSLFSMLIMCTILTNCIFMTMNNPPDWTKNVEYTFTGIYTFESLVKILARGFCVGEFTFLRDPWNWLDFVVIVFAYLTEFVNLGNVSALRTFRVLRALKTISVIPGLKTIVGALIQSVKKLSDVMILTVFCLSVFALIGLQLFMGNLKHKCFRNSLENNETLESIMNTLESEEDFRKYFYYLEGSKDALLCGFSTDSGQCPEGYTCVKIGRNPDYGYTSFDTFSWAFLALFRLMTQDYWENLYQQTLRAAGKTYMIFFVVVIFLGSFYLINLILAVVAMAYEEQNQANIEEAKQKELEFQQMLDRLKKEQEEAEAIAAAAAEYTSIRRSRIMGLSESSSETSKLSSKSAKERRNRRKKKNQKKLSSGEEKGDAEKLSKSESEDSIRRKSFHLGVEGHRRAHEKRLSTPNQSPLSIRGSLFSARRSSRTSLFSFKGRGRDIGSETEFADDEHSIFGDNESRRGSLFVPHRPQERRSSNISQASRSPPMLPVNGKMHSAVDCNGVVSLVDGRSALMLPNGQLLPEVIIDKATSDDSGTTNQIHKKRRCSSYLLSEDMLNDPNLRQRAMSRASILTNTVEELEESRQKCPPWWYRFAHKFLIWNCSPYWIKFKKCIYFIVMDPFVDLAITICIVLNTLFMAMEHHPMTEEFKNVLAIGNLVFTGIFAAEMVLKLIAMDPYEYFQVGWNIFDSLIVTLSLVELFLADVEGLSVLRSFRLLRVFKLAKSWPTLNMLIKIIGNSVGALGNLTLVLAIIVFIFAVVGMQLFGKSYKECVCKINDDCTLPRWHMNDFFHSFLIVFRVLCGEWIETMWDCMEVAGQAMCLIVYMMVMVIGNLVVLNLFLALLLSSFSSDNLTAIEEDPDANNLQIAVTRIKKGINYVKQTLREFILKAFSKKPKISREIRQAEDLNTKKENYISNHTLAEMSKGHNFLKEKDKISGFGSSVDKHLMEDSDGQSFIHNPSLTVTVPIAPGESDLENMNAEELSSDSDSEYSKVRLNRSSSSECSTVDNPLPGEGEEAEAEPMNSDEPEACFTDGCVWRFSCCQVNIESGKGKIWWNIRKTCYKIVEHSWFESFIVLMILLSSGALAFEDIYIERKKTIKIILEYADKIFTYIFILEMLLKWIAYGYKTYFTNAWCWLDFLIVDVSLVTLVANTLGYSDLGPIKSLRTLRALRPLRALSRFEGMRVVVNALIGAIPSIMNVLLVCLIFWLIFSIMGVNLFAGKFYECINTTDGSRFPASQVPNRSECFALMNVSQNVRWKNLKVNFDNVGLGYLSLLQVATFKGWTIIMYAAVDSVNVDKQPKYEYSLYMYIYFVVFIIFGSFFTLNLFIGVIIDNFNQQKKKLGGQDIFMTEEQKKYYNAMKKLGSKKPQKPIPRPGNKIQGCIFDLVTNQAFDISIMVLICLNMVTMMVEKEGQSQHMTEVLYWINVVFIILFTGECVLKLISLRHYYFTVGWNIFDFVVVIISIVGMFLADLIETYFVSPTLFRVIRLARIGRILRLVKGAKGIRTLLFALMMSLPALFNIGLLLFLVMFIYAIFGMSNFAYVKKEDGINDMFNFETFGNSMICLFQITTSAGWDGLLAPILNSKPPDCDPKKVHPGSSVEGDCGNPSVGIFYFVSYIIISFLVVVNMYIAVILENFSVATEESTEPLSEDDFEMFYEVWEKFDPDATQFIEFSKLSDFAAALDPPLLIAKPNKVQLIAMDLPMVSGDRIHCLDILFAFTKRVLGESGEMDSLRSQMEERFMSANPSKVSYEPITTTLKRKQEDVSATVIQRAYRRYRLRQNVKNISSIYIKDGDRDDDLLNKKDMAFDNVNENSSPEKTDATSSTTSPPSYDSVTKPDKEKYEQDRTEKEDKGKDSKESKK	226364.483	0	1000000.0
protein_SLC16A1_pc	protein_SLC16A1	SLC16A1	P53985	pc	P53985-1	MPPAVGGPVGYTPPDGGWGWAVVIGAFISIGFSYAFPKSITVFFKEIEGIFHATTSEVSWISSIMLAVMYGGGPISSILVNKYGSRIVMIVGGCLSGCGLIAASFCNTVQQLYVCIGVIGGLGLAFNLNPALTMIGKYFYKRRPLANGLAMAGSPVFLCTLAPLNQVFFGIFGWRGSFLILGGLLLNCCVAGALMRPIGPKPTKAGKDKSKASLEKAGKSGVKKDLHDANTDLIGRHPKQEKRSVFQTINQFLDLTLFTHRGFLLYLSGNVIMFFGLFAPLVFLSSYGKSQHYSSEKSAFLLSILAFVDMVARPSMGLVANTKPIRPRIQYFFAASVVANGVCHMLAPLSTTYVGFCVYAGFFGFAFGWLSSVLFETLMDLVGPQRFSSAVGLVTIVECCPVLLGPPLLGRLNDMYGDYKYTYWACGVVLIISGIYLFIGMGINYRLLAKEQKANEQKKESKEEETSIDVAGKPNEVTKAAESPDQKDTDGGPKEEESPV	53953.769	0	1000000.0
protein_SLC16A7_pc	protein_SLC16A7	SLC16A7	O60669	pc	O60669	MPPMPSAPPVHPPPDGGWGWIVVGAAFISIGFSYAFPKAVTVFFKEIQQIFHTTYSEIAWISSIMLAVMYAGGPVSSVLVNKYGSRPVVIAGGLLCCLGMVLASFSSSVVQLYLTMGFITGLGLAFNLQPALTIIGKYFYRKRPMANGLAMAGSPVFLSSLAPFNQYLFNTFGWKGSFLILGSLLLNACVAGSLMRPLGPNQTTSKSKNKTGKTEDDSSPKKIKTKKSTWEKVNKYLDFSLFKHRGFLIYLSGNVIMFLGFFAPIIFLAPYAKDQGIDEYSAAFLLSVMAFVDMFARPSVGLIANSKYIRPRIQYFFSFAIMFNGVCHLLCPLAQDYTSLVLYAVFFGLGFGSVSSVLFETLMDLVGAPRFSSAVGLVTIVECGPVLLGPPLAGKLVDLTGEYKYMYMSCGAIVVAASVWLLIGNAINYRLLAKERKEENARQKTRESEPLSKSKHSEDVNVKVSNAQSVTSERETNI	52214.9	0	1000000.0
protein_SLC22A4_pc	protein_SLC22A4	SLC22A4	Q9H015	pc	Q9H015	MRDYDEVIAFLGEWGPFQRLIFFLLSASIIPNGFNGMSVVFLAGTPEHRCRVPDAANLSSAWRNNSVPLRLRDGREVPHSCSRYRLATIANFSALGLEPGRDVDLGQLEQESCLDGWEFSQDVYLSTVVTEWNLVCEDNWKVPLTTSLFFVGVLLGSFVSGQLSDRFGRKNVLFATMAVQTGFSFLQIFSISWEMFTVLFVIVGMGQISNYVVAFILGTEILGKSVRIIFSTLGVCTFFAVGYMLLPLFAYFIRDWRMLLLALTVPGVLCVPLWWFIPESPRWLISQRRFREAEDIIQKAAKMNNIAVPAVIFDSVEELNPLKQQKAFILDLFRTRNIAIMTIMSLLLWMLTSVGYFALSLDAPNLHGDAYLNCFLSALIEIPAYITAWLLLRTLPRRYIIAAVLFWGGGVLLFIQLVPVDYYFLSIGLVMLGKFGITSAFSMLYVFTAELYPTLVRNMAVGVTSTASRVGSIIAPYFVYLGAYNRMLPYIVMGSLTVLIGILTLFFPESLGMTLPETLEQMQKVKWFRSGKKTRDSMETEENPKVLITAF	62154.553	0	1000000.0
protein_SLC29A1_pc	protein_SLC29A1	SLC29A1	Q99808	pc	Q99808-1	MTTSHQPQDRYKAVWLIFFMLGLGTLLPWNFFMTATQYFTNRLDMSQNVSLVTAELSKDAQASAAPAAPLPERNSLSAIFNNVMTLCAMLPLLLFTYLNSFLHQRIPQSVRILGSLVAILLVFLITAILVKVQLDALPFFVITMIKIVLINSFGAILQGSLFGLAGLLPASYTAPIMSGQGLAGFFASVAMICAIASGSELSESAFGYFITACAVIILTIICYLGLPRLEFYRYYQQLKLEGPGEQETKLDLISKGEEPRAGKEESGVSVSNSQPTNESHSIKAILKNISVLAFSVCFIFTITIGMFPAVTVEVKSSIAGSSTWERYFIPVSCFLTFNIFDWLGRSLTAVFMWPGKDSRWLPSLVLARLVFVPLLLLCNIKPRRYLTVVFEHDAWFIFFMAAFAFSNGYLASLCMCFGPKKVKPAEAETAGAIMAFFLCLGLALGAVFSFLFRAIV	50224.027	0	1000000.0
protein_SLC2A1_pc	protein_SLC2A1	SLC2A1	P11166	pc	P11166	MEPSSKKLTGRLMLAVGGAVLGSLQFGYNTGVINAPQKVIEEFYNQTWVHRYGESILPTTLTTLWSLSVAIFSVGGMIGSFSVGLFVNRFGRRNSMLMMNLLAFVSAVLMGFSKLGKSFEMLILGRFIIGVYCGLTTGFVPMYVGEVSPTALRGALGTLHQLGIVVGILIAQVFGLDSIMGNKDLWPLLLSIIFIPALLQCIVLPFCPESPRFLLINRNEENRAKSVLKKLRGTADVTHDLQEMKEESRQMMREKKVTILELFRSPAYRQPILIAVVLQLSQQLSGINAVFYYSTSIFEKAGVQQPVYATIGSGIVNTAFTVVSLFVVERAGRRTLHLIGLAGMAGCAILMTIALALLEQLPWMSYLSIVAIFGFVAFFEVGPGPIPWFIVAELFSQGPRPAAIAVAGFSNWTSNFIVGMCFQYVEQLCGPYVFIIFTVLLVLFFIFTYFKVPETKGRTFDEIASGFRQGGASQSDKTPEELFHPLGADSQV	54089.318999999996	0	1000000.0
protein_SLC2A14_pc	protein_SLC2A14	SLC2A14	Q8TDB8	pc	Q8TDB8-1	MEFHNGGHVSGIGGFLVSLTSRMKPHTLAVTPALIFAITVATIGSFQFGYNTGVINAPETIIKEFINKTLTDKANAPPSEVLLTNLWSLSVAIFSVGGMIGSFSVGLFVNRFGRRNSMLIVNLLAATGGCLMGLCKIAESVEMLILGRLVIGLFCGLCTGFVPMYIGEISPTALRGAFGTLNQLGIVIGILVAQIFGLELILGSEELWPVLLGFTILPAILQSAALPCCPESPRFLLINRKKEENATRILQRLWGTQDVSQDIQEMKDESARMSQEKQVTVLELFRVSSYRQPIIISIVLQLSQQLSGINAVFYYSTGIFKDAGVQQPIYATISAGVVNTIFTLLSLFLVERAGRRTLHMIGLGGMAFCSTLMTVSLLLKNHYNGMSFVCIGAILVFVACFEIGPGPIPWFIVAELFSQGPRPAAMAVAGCSNWTSNFLVGLLFPSAAYYLGAYVFIIFTGFLITFLAFTFFKVPETRGRTFEDITRAFEGQAHGADRSGKDGVMGMNSIEPAKETTTNV	56321.631	0	1000000.0
protein_SLC2A2_pc	protein_SLC2A2	SLC2A2	P11168	pc	P11168-1	MTEDKVTGTLVFTVITAVLGSFQFGYDIGVINAPQQVIISHYRHVLGVPLDDRKAINNYVINSTDELPTISYSMNPKPTPWAEEETVAAAQLITMLWSLSVSSFAVGGMTASFFGGWLGDTLGRIKAMLVANILSLVGALLMGFSKLGPSHILIIAGRSISGLYCGLISGLVPMYIGEIAPTALRGALGTFHQLAIVTGILISQIIGLEFILGNYDLWHILLGLSGVRAILQSLLLFFCPESPRYLYIKLDEEVKAKQSLKRLRGYDDVTKDINEMRKEREEASSEQKVSIIQLFTNSSYRQPILVALMLHVAQQFSGINGIFYYSTSIFQTAGISKPVYATIGVGAVNMVFTAVSVFLVEKAGRRSLFLIGMSGMFVCAIFMSVGLVLLNKFSWMSYVSMIAIFLFVSFFEIGPGPIPWFMVAEFFSQGPRPAALAIAAFSNWTCNFIVALCFQYIADFCGPYVFFLFAGVLLAFTLFTFFKVPETKGKSFEEIAAEFQKKSGSAHRPKAAVEMKFLGATETV	57491.008	0	1000000.0
protein_SLC2A3_pc	protein_SLC2A3	SLC2A3	P11169	pc	P11169	MGTQKVTPALIFAITVATIGSFQFGYNTGVINAPEKIIKEFINKTLTDKGNAPPSEVLLTSLWSLSVAIFSVGGMIGSFSVGLFVNRFGRRNSMLIVNLLAVTGGCFMGLCKVAKSVEMLILGRLVIGLFCGLCTGFVPMYIGEISPTALRGAFGTLNQLGIVVGILVAQIFGLEFILGSEELWPLLLGFTILPAILQSAALPFCPESPRFLLINRKEEENAKQILQRLWGTQDVSQDIQEMKDESARMSQEKQVTVLELFRVSSYRQPIIISIVLQLSQQLSGINAVFYYSTGIFKDAGVQEPIYATIGAGVVNTIFTVVSLFLVERAGRRTLHMIGLGGMAFCSTLMTVSLLLKDNYNGMSFVCIGAILVFVAFFEIGPGPIPWFIVAELFSQGPRPAAMAVAGCSNWTSNFLVGLLFPSAAHYLGAYVFIIFTGFLITFLAFTFFKVPETRGRTFEDITRAFEGQAHGADRSGKDGVMEMNSIEPAKETTTNV	53923.775	0	1000000.0
protein_SLC2A4_pc	protein_SLC2A4	SLC2A4	P14672	pc	P14672-1	MPSGFQQIGSEDGEPPQQRVTGTLVLAVFSAVLGSLQFGYNIGVINAPQKVIEQSYNETWLGRQGPEGPSSIPPGTLTTLWALSVAIFSVGGMISSFLIGIISQWLGRKRAMLVNNVLAVLGGSLMGLANAAASYEMLILGRFLIGAYSGLTSGLVPMYVGEIAPTHLRGALGTLNQLAIVIGILIAQVLGLESLLGTASLWPLLLGLTVLPALLQLVLLPFCPESPRYLYIIQNLEGPARKSLKRLTGWADVSGVLAELKDEKRKLERERPLSLLQLLGSRTHRQPLIIAVVLQLSQQLSGINAVFYYSTSIFETAGVGQPAYATIGAGVVNTVFTLVSVLLVERAGRRTLHLLGLAGMCGCAILMTVALLLLERVPAMSYVSIVAIFGFVAFFEIGPGPIPWFIVAELFSQGPRPAAMAVAGFSNWTSNFIIGMGFQYVAEAMGPYVFLLFAVLLLGFFIFTFLRVPETRGRTFDQISAAFHRTPSLLEQEVKPSTELEYLGPDEND	54785.787	0	1000000.0
protein_SLC43A3_pc	protein_SLC43A3	SLC43A3	Q8NBI5	pc	Q8NBI5-1	MAGQGLPLHVATLLTGLLECLGFAGVLFGWPSLVFVFKNEDYFKDLCGPDAGPIGNATGQADCKAQDERFSLIFTLGSFMNNFMTFPTGYIFDRFKTTVARLIAIFFYTTATLIIAFTSAGSAVLLFLAMPMLTIGGILFLITNLQIGNLFGQHRSTIITLYNGAFDSSSAVFLIIKLLYEKGISLRASFIFISVCSTWHVARTFLLMPRGHIPYPLPPNYSYGLCPGNGTTKEEKETAEHENRELQSKEFLSAKEETPGAGQKQELRSFWSYAFSRRFAWHLVWLSVIQLWHYLFIGTLNSLLTNMAGGDMARVSTYTNAFAFTQFGVLCAPWNGLLMDRLKQKYQKEARKTGSSTLAVALCSTVPSLALTSLLCLGFALCASVPILPLQYLTFILQVISRSFLYGSNAAFLTLAFPSEHFGKLFGLVMALSAVVSLLQFPIFTLIKGSLQNDPFYVNVMFMLAILLTFFHPFLVYRECRTWKESPSAIA	54535.393	0	1000000.0
protein_SOD1_pc	protein_SOD1	SOD1	P00441	pc	P00441	MATKAVCVLKGDGPVQGIINFEQKESNGPVKVWGSIKGLTEGLHGFHVHEFGDNTAGCTSAGPHFNPLSRKHGGPKDEERHVGDLGNVTADKDGVADVSIEDSVISLSGDHCIIGRTLVVHEKADDLGKGGNEESTKTGNAGSRLACGVIGIAQ	15929.569	0	1000000.0
protein_STEAP3_pc	protein_STEAP3	STEAP3	Q658P3	pc	Q658P3-1	MPEEMDKPLISLHLVDSDSSLAKVPDEAPKVGILGSGDFARSLATRLVGSGFKVVVGSRNPKRTARLFPSAAQVTFQEEAVSSPEVIFVAVFREHYSSLCSLSDQLAGKILVDVSNPTEQEHLQHRESNAEYLASLFPTCTVVKAFNVISAWTLQAGPRDGNRQVPICGDQPEAKRAVSEMALAMGFMPVDMGSLASAWEVEAMPLRLLPAWKVPTLLALGLFVCFYAYNFVRDVLQPYVQESQNKFFKLPVSVVNTTLPCVAYVLLSLVYLPGVLAAALQLRRGTKYQRFPDWLDHWLQHRKQIGLLSFFCAALHALYSFCLPLRRAHRYDLVNLAVKQVLANKSHLWVEEEVWRMEIYLSLGVLALGTLSLLAVTSLPSIANSLNWREFSFVQSSLGFVALVLSTLHTLTYGWTRAFEESRYKFYLPPTFTLTLLVPCVVILAKALFLLPCISRRLARIRRGWERESTIKFTLPTDHALAEKTSHV	54607.163	0	1000000.0
protein_TALDO1_pc	protein_TALDO1	TALDO1	P37837	pc	P37837-1	MSSSPVKRQRMESALDQLKQFTTVVADTGDFHAIDEYKPQDATTNPSLILAAAQMPAYQELVEEAIAYGRKLGGSQEDQIKNAIDKLFVLFGAEILKKIPGRVSTEVDARLSFDKDAMVARARRLIELYKEAGISKDRILIKLSSTWEGIQAGKELEEQHGIHCNMTLLFSFAQAVACAEAGVTLISPFVGRILDWHVANTDKKSYEPLEDPGVKSVTKIYNYYKKFSYKTIVMGASFRNTGEIKALAGCDFLTISPKLLGELLQDNAKLVPVLSAKAAQASDLEKIHLDEKSFRWLHNEDQMAVEKLSDGIRKFAADAVKLERMLTERMFNAENGK	37537.771	0	1000000.0
protein_TKT_pc	protein_TKT	TKT	P29401	pc	P29401-1	MESYHKPDQQKLQALKDTANRLRISSIQATTAAGSGHPTSCCSAAEIMAVLFFHTMRYKSQDPRNPHNDRFVLSKGHAAPILYAVWAEAGFLAEAELLNLRKISSDLDGHPVPKQAFTDVATGSLGQGLGAACGMAYTGKYFDKASYRVYCLLGDGELSEGSVWEAMAFASIYKLDNLVAILDINRLGQSDPAPLQHQMDIYQKRCEAFGWHAIIVDGHSVEELCKAFGQAKHQPTAIIAKTFKGRGITGVEDKESWHGKPLPKNMAEQIIQEIYSQIQSKKKILATPPQEDAPSVDIANIRMPSLPSYKVGDKIATRKAYGQALAKLGHASDRIIALDGDTKNSTFSEIFKKEHPDRFIECYIAEQNMVSIAVGCATRNRTVPFCSTFAAFFTRAFDQIRMAAISESNINLCGSHCGVSIGEDGPSQMALEDLAMFRSVPTSTVFYPSDGVATEKAVELAANTKGICFIRTSRPENAIIYNNNEDFQVGQAKVVLKSKDDQVTVIGAGVTLHEALAAAELLKKEKINIRVLDPFTIKPLDRKLILDSARATKGRILTVEDHYYEGGIGEAVSSAVVGEPGITVTHLAVNRVPRSGKPAELLKMFGIDRDAIAQAVRGLITKA	67878.053	0	1000000.0
protein_TMEM109_pc	protein_TMEM109	TMEM109	Q9BVC6	pc	Q9BVC6	MAASSISSPWGKHVFKAILMVLVALILLHSALAQSRRDFAPPGQQKREAPVDVLTQIGRSVRGTLDAWIGPETMHLVSESSSQVLWAISSAISVAFFALSGIAAQLLNALGLAGDYLAQGLKLSPGQVQTFLLWGAGALVVYWLLSLLLGLVLALLGRILWGLKLVIFLAGFVALMRSVPDPSTRALLLLALLILYALLSRLTGSRASGAQLEAKVRGLERQVEELRWRQRRAAKGARSVEEE	26218.79	0	1000000.0
protein_TPI1_pc	protein_TPI1	TPI1	P60174	pc	P60174-1	MAPSRKFFVGGNWKMNGRKQSLGELIGTLNAAKVPADTEVVCAPPTAYIDFARQKLDPKIAVAAQNCYKVTNGAFTGEISPGMIKDCGATWVVLGHSERRHVFGESDELIGQKVAHALAEGLGVIACIGEKLDEREAGITEKVVFEQTKVIADNVKDWSKVVLAYEPVWAIGTGKTATPQQAQEVHEKLRGWLKSNVSDAVAQSTRIIYGGSVTGATCKELASQPDVDGFLVGGASLKPEFVDIINAKQ	26668.234	0	1000000.0
protein_TRPC6_pc	protein_TRPC6	TRPC6	Q9Y210	pc	Q9Y210-1	MSQSPAFGPRRGSSPRGAAGAAARRNESQDYLLMDSELGEDGCPQAPLPCYGYYPCFRGSDNRLAHRRQTVLREKGRRLANRGPAYMFSDRSTSLSIEEERFLDAAEYGNIPVVRKMLEECHSLNVNCVDYMGQNALQLAVANEHLEITELLLKKENLSRVGDALLLAISKGYVRIVEAILSHPAFAEGKRLATSPSQSELQQDDFYAYDEDGTRFSHDVTPIILAAHCQEYEIVHTLLRKGARIERPHDYFCKCNDCNQKQKHDSFSHSRSRINAYKGLASPAYLSLSSEDPVMTALELSNELAVLANIEKEFKNDYKKLSMQCKDFVVGLLDLCRNTEEVEAILNGDVETLQSGDHGRPNLSRLKLAIKYEVKKFVAHPNCQQQLLSIWYENLSGLRQQTMAVKFLVVLAVAIGLPFLALIYWFAPCSKMGKIMRGPFMKFVAHAASFTIFLGLLVMNAADRFEGTKLLPNETSTDNAKQLFRMKTSCFSWMEMLIISWVIGMIWAECKEIWTQGPKEYLFELWNMLDFGMLAIFAASFIARFMAFWHASKAQSIIDANDTLKDLTKVTLGDNVKYYNLARIKWDPSDPQIISEGLYAIAVVLSFSRIAYILPANESFGPLQISLGRTVKDIFKFMVIFIMVFVAFMIGMFNLYSYYIGAKQNEAFTTVEESFKTLFWAIFGLSEVKSVVINYNHKFIENIGYVLYGVYNVTMVIVLLNMLIAMINSSFQEIEDDADVEWKFARAKLWFSYFEEGRTLPVPFNLVPSPKSLFYLLLKLKKWISELFQGHKKGFQEDAEMNKINEEKKLGILGSHEDLSKLSLDKKQVGHNKQPSIRSSEDFHLNSFNNPPRQYQKIMKRLIKRYVLQAQIDKESDEVNEGELKEIKQDISSLRYELLEEKSQNTEDLAELIRELGEKLSMEPNQEETNR	106317.376	0	1000000.0
protein_TRPV2_pc	protein_TRPV2	TRPV2	Q9Y5S1	pc	Q9Y5S1	MTSPSSSPVFRLETLDGGQEDGSEADRGKLDFGSGLPPMESQFQGEDRKFAPQIRVNLNYRKGTGASQPDPNRFDRDRLFNAVSRGVPEDLAGLPEYLSKTSKYLTDSEYTEGSTGKTCLMKAVLNLKDGVNACILPLLQIDRDSGNPQPLVNAQCTDDYYRGHSALHIAIEKRSLQCVKLLVENGANVHARACGRFFQKGQGTCFYFGELPLSLAACTKQWDVVSYLLENPHQPASLQATDSQGNTVLHALVMISDNSAENIALVTSMYDGLLQAGARLCPTVQLEDIRNLQDLTPLKLAAKEGKIEIFRHILQREFSGLSHLSRKFTEWCYGPVRVSLYDLASVDSCEENSVLEIIAFHCKSPHRHRMVVLEPLNKLLQAKWDLLIPKFFLNFLCNLIYMFIFTAVAYHQPTLKKQAAPHLKAEVGNSMLLTGHILILLGGIYLLVGQLWYFWRRHVFIWISFIDSYFEILFLFQALLTVVSQVLCFLAIEWYLPLLVSALVLGWLNLLYYTRGFQHTGIYSVMIQKVILRDLLRFLLIYLVFLFGFAVALVSLSQEAWRPEAPTGPNATESVQPMEGQEDEGNGAQYRGILEASLELFKFTIGMGELAFQEQLHFRGMVLLLLLAYVLLTYILLLNMLIALMSETVNSVATDSWSIWKLQKAISVLEMENGYWWCRKKQRAGVMLTVGTKPDGSPDERWCFRVEEVNWASWEQTLPTLCEDPSGAGVPRTLENPVLASPPKEDEDGASEENYVPVQLLQSN	85964.227	0	1000000.0
protein_UBXN1_pc	protein_UBXN1	UBXN1	Q04323	pc	Q04323-1	MAELTALESLIEMGFPRGRAEKALALTGNQGIEAAMDWLMEHEDDPDVDEPLETPLGHILGREPTSSEQGGLEGSGSAAGEGKPALSEEERQEQTKRMLELVAQKQREREEREEREALERERQRRRQGQELSAARQRLQEDEMRRAAEERRREKAEELAARQRVREKIERDKAERAKKYGGSVGSQPPPVAPEPGPVPSSPSQEPPTKREYDQCRIQVRLPDGTSLTQTFRAREQLAAVRLYVELHRGEELGGGQDPVQLLSGFPRRAFSEADMERPLQELGLVPSAVLIVAKKCPS	33314.886	0	1000000.0
protein_UBXN6_pc	protein_UBXN6	UBXN6	Q9BZV1	pc	Q9BZV1-1	MKKFFQEFKADIKFKSAGPGQKLKESVGEKAHKEKPNQPAPRPPRQGPTNEAQMAAAAALARLEQKQSRAWGPTSQDTIRNQVRKELQAEATVSGSPEAPGTNVVSEPREEGSAHLAVPGVYFTCPLTGATLRKDQRDACIKEAILLHFSTDPVAASIMKIYTFNKDQDRVKLGVDTIAKYLDNIHLHPEEEKYRKIKLQNKVFQERINCLEGTHEFFEAIGFQKVLLPAQDQEDPEEFYVLSETTLAQPQSLERHKEQLLAAEPVRAKLDRQRRVFQPSPLASQFELPGDFFNLTAEEIKREQRLRSEAVERLSVLRTKAMREKEEQRGLRKYNYTLLRVRLPDGCLLQGTFYARERLGAVYGFVREALQSDWLPFELLASGGQKLSEDENLALNECGLVPSALLTFSWDMAVLEDIKAAGAEPDSILKPELLSAIEKLL	49751.216	0	1000000.0
protein_UBXN7_pc	protein_UBXN7	UBXN7	O94888	pc	O94888	MAAHGGSAASSALKGLIQQFTTITGASESVGKHMLEACNNNLEMAVTMFLDGGGIAEEPSTSSASVSTVRPHTEEEVRAPIPQKQEILVEPEPLFGAPKRRRPARSIFDGFRDFQTETIRQEQELRNGGAIDKKLTTLADLFRPPIDLMHKGSFETAKECGQMQNKWLMINIQNVQDFACQCLNRDVWSNEAVKNIIREHFIFWQVYHDSEEGQRYIQFYKLGDFPYVSILDPRTGQKLVEWHQLDVSSFLDQVTGFLGEHGQLDGLSSSPPKKCARSESLIDASEDSQLEAAIRASLQETHFDSTQTKQDSRSDEESESELFSGSEEFISVCGSDEEEEVENLAKSRKSPHKDLGHRKEENRRPLTEPPVRTDPGTATNHQGLPAVDSEILEMPPEKADGVVEGIDVNGPKAQLMLRYPDGKREQITLPEQAKLLALVKHVQSKGYPNERFELLTNFPRRKLSHLDYDITLQEAGLCPQETVFVQERN	54836.633	0	1000000.0
protein_UFD1_pc	protein_UFD1	UFD1	Q92890	pc	Q92890-2	MFSFNMFDHPIPRVFQNRFSTQYRCFSVSMLAGPNDRSDVEKGGKIIMPPSALDQLSRLNITYPMLFKLTNKNSDRMTHCGVLEFVADEGICYLPHWMMQNLLLEEGGLVQVESVNLQVATYSKFQPQSPDFLDITNPKAVLENALRNFACLTTGDVIAINYNEKIYELRVMETKPDKAVSIIECDMNVDFDAPLGYKEPERQVQHEESTEGEADHSGYAGELGFRAFSGSGNRLDGKKKGVEPSPSPIKPGDIKRGIPNYEFKLGKITFIRNSRPLVKKVEEDEAGGRFVAFSGEGQSLRKKGRKP	34498.013	0	1000000.0
protein_VCP_pc	protein_VCP	VCP	P55072	pc	P55072	MASGADSKGDDLSTAILKQKNRPNRLIVDEAINEDNSVVSLSQPKMDELQLFRGDTVLLKGKKRREAVCIVLSDDTCSDEKIRMNRVVRNNLRVRLGDVISIQPCPDVKYGKRIHVLPIDDTVEGITGNLFEVYLKPYFLEAYRPIRKGDIFLVRGGMRAVEFKVVETDPSPYCIVAPDTVIHCEGEPIKREDEEESLNEVGYDDIGGCRKQLAQIKEMVELPLRHPALFKAIGVKPPRGILLYGPPGTGKTLIARAVANETGAFFFLINGPEIMSKLAGESESNLRKAFEEAEKNAPAIIFIDELDAIAPKREKTHGEVERRIVSQLLTLMDGLKQRAHVIVMAATNRPNSIDPALRRFGRFDREVDIGIPDATGRLEILQIHTKNMKLADDVDLEQVANETHGHVGADLAALCSEAALQAIRKKMDLIDLEDETIDAEVMNSLAVTMDDFRWALSQSNPSALRETVVEVPQVTWEDIGGLEDVKRELQELVQYPVEHPDKFLKFGMTPSKGVLFYGPPGCGKTLLAKAIANECQANFISIKGPELLTMWFGESEANVREIFDKARQAAPCVLFFDELDSIAKARGGNIGDGGGAADRVINQILTEMDGMSTKKNVFIIGATNRPDIIDPAILRPGRLDQLIYIPLPDEKSRVAILKANLRKSPVAKDVDLEFLAKMTNGFSGADLTEICQRACKLAIRESIESEIRRERERQTNPSAMEVEEDDPVPEIRRDHFEEAMRFARRSVSDNDIRKYEMFAQTLQQSRGFGSFRFPSGNQGGAGPSQGSGGGTGGSVYTEDNDDDLYG	89295.81999999999	0	1000000.0
protein_VCPIP1_pc	protein_VCPIP1	VCPIP1	Q96JH7	pc	Q96JH7	MSQPPPPPPPLPPPPPPPEAPQTPSSLASAAASGGLLKRRDRRILSGSCPDPKCQARLFFPASGSVSIECTECGQRHEQQQLLGVEEVTDPDVVLHNLLRNALLGVTGAPKKNTELVKVMGLSNYHCKLLSPILARYGMDKQTGRAKLLRDMNQGELFDCALLGDRAFLIEPEHVNTVGYGKDRSGSLLYLHDTLEDIKRANKSQECLIPVHVDGDGHCLVHAVSRALVGRELFWHALRENLKQHFQQHLARYQALFHDFIDAAEWEDIINECDPLFVPPEGVPLGLRNIHIFGLANVLHRPIILLDSLSGMRSSGDYSATFLPGLIPAEKCTGKDGHLNKPICIAWSSSGRNHYIPLVGIKGAALPKLPMNLLPKAWGVPQDLIKKYIKLEEDGGCVIGGDRSLQDKYLLRLVAAMEEVFMDKHGIHPSLVADVHQYFYRRTGVIGVQPEEVTAAAKKAVMDNRLHKCLLCGALSELHVPPEWLAPGGKLYNLAKSTHGQLRTDKNYSFPLNNLVCSYDSVKDVLVPDYGMSNLTACNWCHGTSVRKVRGDGSIVYLDGDRTNSRSTGGKCGCGFKHFWDGKEYDNLPEAFPITLEWGGRVVRETVYWFQYESDSSLNSNVYDVAMKLVTKHFPGEFGSEILVQKVVHTILHQTAKKNPDDYTPVNIDGAHAQRVGDVQGQESESQLPTKIILTGQKTKTLHKEELNMSKTERTIQQNITEQASVMQKRKTEKLKQEQKGQPRTVSPSTIRDGPSSAPATPTKAPYSPTTSKEKKIRITTNDGRQSMVTLKSSTTFFELQESIAREFNIPPYLQCIRYGFPPKELMPPQAGMEKEPVPLQHGDRITIEILKSKAEGGQSAAAHSAHTVKQEDIAVTGKLSSKELQEQAEKEMYSLCLLATLMGEDVWSYAKGLPHMFQQGGVFYSIMKKTMGMADGKHCTFPHLPGKTFVYNASEDRLELCVDAAGHFPIGPDVEDLVKEAVSQVRAEATTRSRESSPSHGLLKLGSGGVVKKKSEQLHNVTAFQGKGHSLGTASGNPHLDPRARETSVVRKHNTGTDFSNSSTKTEPSVFTASSSNSELIRIAPGVVTMRDGRQLDPDLVEAQRKKLQEMVSSIQASMDRHLRDQSTEQSPSDLPQRKTEVVSSSAKSGSLQTGLPESFPLTGGTENLNTETTDGCVADALGAAFATRSKAQRGNSVEELEEMDSQDAEMTNTTEPMDHS	134313.33000000002	0	1000000.0
protein_VDAC1_pc	protein_VDAC1	VDAC1	P21796	pc	P21796	MAVPPTYADLGKSARDVFTKGYGFGLIKLDLKTKSENGLEFTSSGSANTETTKVTGSLETKYRWTEYGLTFTEKWNTDNTLGTEITVEDQLARGLKLTFDSSFSPNTGKKNAKIKTGYKREHINLGCDMDFDIAGPSIRGALVLGYEGWLAGYQMNFETAKSRVTQSNFAVGYKTDEFQLHTNVNDGTEFGGSIYQKVNKKLETAVNLAWTAGNSNTRFGIAAKYQIDPDACFSAKVNNSSLIGLGYTQTLKPGIKLTLSALLDGKNVNAGGHKLGLGLEFQA	30775.331	0	1000000.0
protein_VPS4A_pc	protein_VPS4A	VPS4A	Q9UN37	pc	Q9UN37	MTTSTLQKAIDLVTKATEEDKAKNYEEALRLYQHAVEYFLHAIKYEAHSDKAKESIRAKCVQYLDRAEKLKDYLRSKEKHGKKPVKENQSEGKGSDSDSEGDNPEKKKLQEQLMGAVVMEKPNIRWNDVAGLEGAKEALKEAVILPIKFPHLFTGKRTPWRGILLFGPPGTGKSYLAKAVATEANNSTFFSVSSSDLMSKWLGESEKLVKNLFELARQHKPSIIFIDEVDSLCGSRNENESEAARRIKTEFLVQMQGVGNNNDGTLVLGATNIPWVLDSAIRRRFEKRIYIPLPEEAARAQMFRLHLGSTPHNLTDANIHELARKTEGYSGADISIIVRDSLMQPVRKVQSATHFKKVCGPSRTNPSMMIDDLLTPCSPGDPGAMEMTWMDVPGDKLLEPVVCMSDMLRSLATTRPTVNADDLLKVKKFSEDFGQES	48898.468	0	1000000.0
protein_VPS4B_pc	protein_VPS4B	VPS4B	O75351	pc	O75351	MSSTSPNLQKAIDLASKAAQEDKAGNYEEALQLYQHAVQYFLHVVKYEAQGDKAKQSIRAKCTEYLDRAEKLKEYLKNKEKKAQKPVKEGQPSPADEKGNDSDGEGESDDPEKKKLQNQLQGAIVIERPNVKWSDVAGLEGAKEALKEAVILPIKFPHLFTGKRTPWRGILLFGPPGTGKSYLAKAVATEANNSTFFSISSSDLVSKWLGESEKLVKNLFQLARENKPSIIFIDEIDSLCGSRSENESEAARRIKTEFLVQMQGVGVDNDGILVLGATNIPWVLDSAIRRRFEKRIYIPLPEPHARAAMFKLHLGTTQNSLTEADFRELGRKTDGYSGADISIIVRDALMQPVRKVQSATHFKKVRGPSRADPNHLVDDLLTPCSPGDPGAIEMTWMDVPGDKLLEPVVSMSDMLRSLSNTKPTVNEHDLLKLKKFTEDFGQEG	49300.604	0	1000000.0
