enzymes	enzyme	complexes	reactions	direction	compartment	complexes_keff	complex_keff	enzyme_keff
enzyme_FCYTOB5OXR_fwd_pc	enzyme_FCYTOB5OXR_fwd	cplx_COMPLEX_CYB5R3_B5A_pc;cplx_COMPLEX_CYB5R3_B5B_pc	FCYTOB5OXR	forward	pc	cplx_COMPLEX_CYB5R3_B5A_pc(109340.65544885385);cplx_COMPLEX_CYB5R3_B5B_pc(125398.99261366726)	109340.65544885385;125398.99261366726	234000.0
enzyme_FCYTOB5OXR_rev_pc	enzyme_FCYTOB5OXR_rev	cplx_COMPLEX_CYB5R3_B5A_pc;cplx_COMPLEX_CYB5R3_B5B_pc	FCYTOB5OXR	reverse	pc	cplx_COMPLEX_CYB5R3_B5A_pc(0);cplx_COMPLEX_CYB5R3_B5B_pc(0)	0;0	234000.0
enzyme_METHBCYTBR_fwd_pc	enzyme_METHBCYTBR_fwd	cplx_COMPLEX_HBA_CYB5A_pc;cplx_COMPLEX_HBB_CYB5A_pc;cplx_COMPLEX_HBD_CYB5A_pc;cplx_COMPLEX_HBE1_CYB5A_pc;cplx_COMPLEX_HBG1_CYB5A_pc;cplx_COMPLEX_HBG2_CYB5A_pc;cplx_COMPLEX_HBM_CYB5A_pc;cplx_COMPLEX_HBQ1_CYB5A_pc;cplx_COMPLEX_HBZ_CYB5A_pc;cplx_COMPLEX_HBA_CYB5B_pc;cplx_COMPLEX_HBB_CYB5B_pc;cplx_COMPLEX_HBD_CYB5B_pc;cplx_COMPLEX_HBE1_CYB5B_pc;cplx_COMPLEX_HBG1_CYB5B_pc;cplx_COMPLEX_HBG2_CYB5B_pc;cplx_COMPLEX_HBM_CYB5B_pc;cplx_COMPLEX_HBQ1_CYB5B_pc;cplx_COMPLEX_HBZ_CYB5B_pc	METHBCYTBR	forward	pc	cplx_COMPLEX_HBA_CYB5A_pc(83468.91940022857);cplx_COMPLEX_HBB_CYB5A_pc(84688.66661443001);cplx_COMPLEX_HBD_CYB5A_pc(84786.10196542084);cplx_COMPLEX_HBE1_CYB5A_pc(85030.54016291104);cplx_COMPLEX_HBG1_CYB5A_pc(84902.98766747328);cplx_COMPLEX_HBG2_CYB5A_pc(84899.73817974863);cplx_COMPLEX_HBM_CYB5A_pc(84057.37031311532);cplx_COMPLEX_HBQ1_CYB5A_pc(83879.92257371094);cplx_COMPLEX_HBZ_CYB5A_pc(84095.31092242076);cplx_COMPLEX_HBA_CYB5B_pc(100877.09233556666);cplx_COMPLEX_HBB_CYB5B_pc(102022.81904370464);cplx_COMPLEX_HBD_CYB5B_pc(102114.39416610627);cplx_COMPLEX_HBE1_CYB5B_pc(102344.16454702016);cplx_COMPLEX_HBG1_CYB5B_pc(102224.25996475662);cplx_COMPLEX_HBG2_CYB5B_pc(102221.20548470998);cplx_COMPLEX_HBM_CYB5B_pc(101429.6797791296);cplx_COMPLEX_HBQ1_CYB5B_pc(101263.01641389074);cplx_COMPLEX_HBZ_CYB5B_pc(101465.31792653036)	83468.91940022857;84688.66661443001;84786.10196542084;85030.54016291104;84902.98766747328;84899.73817974863;84057.37031311532;83879.92257371094;84095.31092242076;100877.09233556666;102022.81904370464;102114.39416610627;102344.16454702016;102224.25996475662;102221.20548470998;101429.6797791296;101263.01641389074;101465.31792653036	234000.0
enzyme_METHBCYTBR_rev_pc	enzyme_METHBCYTBR_rev	cplx_COMPLEX_HBA_CYB5A_pc;cplx_COMPLEX_HBB_CYB5A_pc;cplx_COMPLEX_HBD_CYB5A_pc;cplx_COMPLEX_HBE1_CYB5A_pc;cplx_COMPLEX_HBG1_CYB5A_pc;cplx_COMPLEX_HBG2_CYB5A_pc;cplx_COMPLEX_HBM_CYB5A_pc;cplx_COMPLEX_HBQ1_CYB5A_pc;cplx_COMPLEX_HBZ_CYB5A_pc;cplx_COMPLEX_HBA_CYB5B_pc;cplx_COMPLEX_HBB_CYB5B_pc;cplx_COMPLEX_HBD_CYB5B_pc;cplx_COMPLEX_HBE1_CYB5B_pc;cplx_COMPLEX_HBG1_CYB5B_pc;cplx_COMPLEX_HBG2_CYB5B_pc;cplx_COMPLEX_HBM_CYB5B_pc;cplx_COMPLEX_HBQ1_CYB5B_pc;cplx_COMPLEX_HBZ_CYB5B_pc	METHBCYTBR	reverse	pc	cplx_COMPLEX_HBA_CYB5A_pc(0);cplx_COMPLEX_HBB_CYB5A_pc(0);cplx_COMPLEX_HBD_CYB5A_pc(0);cplx_COMPLEX_HBE1_CYB5A_pc(0);cplx_COMPLEX_HBG1_CYB5A_pc(0);cplx_COMPLEX_HBG2_CYB5A_pc(0);cplx_COMPLEX_HBM_CYB5A_pc(0);cplx_COMPLEX_HBQ1_CYB5A_pc(0);cplx_COMPLEX_HBZ_CYB5A_pc(0);cplx_COMPLEX_HBA_CYB5B_pc(0);cplx_COMPLEX_HBB_CYB5B_pc(0);cplx_COMPLEX_HBD_CYB5B_pc(0);cplx_COMPLEX_HBE1_CYB5B_pc(0);cplx_COMPLEX_HBG1_CYB5B_pc(0);cplx_COMPLEX_HBG2_CYB5B_pc(0);cplx_COMPLEX_HBM_CYB5B_pc(0);cplx_COMPLEX_HBQ1_CYB5B_pc(0);cplx_COMPLEX_HBZ_CYB5B_pc(0)	0;0;0;0;0;0;0;0;0;0;0;0;0;0;0;0;0;0	234000.0
enzyme_NaKt_fwd_pc	enzyme_NaKt_fwd	cplx_HETERODIMER_ATP1_A1B1_pc;cplx_HETERODIMER_ATP1_A1B2_pc;cplx_HETERODIMER_ATP1_A1B3_pc;cplx_HETERODIMER_ATP1_A3B1_pc;cplx_HETERODIMER_ATP1_A3B2_pc;cplx_HETERODIMER_ATP1_A3B3_pc;cplx_HETERODIMER_ATP1_A4B1_pc;cplx_HETERODIMER_ATP1_A4B2_pc;cplx_HETERODIMER_ATP1_A4B3_pc	NaKt	forward	pc	cplx_HETERODIMER_ATP1_A1B1_pc(232367.63280290356);cplx_HETERODIMER_ATP1_A1B2_pc(230366.56290170274);cplx_HETERODIMER_ATP1_A1B3_pc(228172.1496194377);cplx_HETERODIMER_ATP1_A3B1_pc(231010.9383075678);cplx_HETERODIMER_ATP1_A3B2_pc(229005.93600798547);cplx_HETERODIMER_ATP1_A3B3_pc(226807.1574179649);cplx_HETERODIMER_ATP1_A4B1_pc(233881.5057830085);cplx_HETERODIMER_ATP1_A4B2_pc(231884.78762565792);cplx_HETERODIMER_ATP1_A4B3_pc(229695.2045505197)	232367.63280290356;230366.56290170274;228172.1496194377;231010.9383075678;229005.93600798547;226807.1574179649;233881.5057830085;231884.78762565792;229695.2045505197	234000.0
enzyme_NaKt_rev_pc	enzyme_NaKt_rev	cplx_HETERODIMER_ATP1_A1B1_pc;cplx_HETERODIMER_ATP1_A1B2_pc;cplx_HETERODIMER_ATP1_A1B3_pc;cplx_HETERODIMER_ATP1_A3B1_pc;cplx_HETERODIMER_ATP1_A3B2_pc;cplx_HETERODIMER_ATP1_A3B3_pc;cplx_HETERODIMER_ATP1_A4B1_pc;cplx_HETERODIMER_ATP1_A4B2_pc;cplx_HETERODIMER_ATP1_A4B3_pc	NaKt	reverse	pc	cplx_HETERODIMER_ATP1_A1B1_pc(0);cplx_HETERODIMER_ATP1_A1B2_pc(0);cplx_HETERODIMER_ATP1_A1B3_pc(0);cplx_HETERODIMER_ATP1_A3B1_pc(0);cplx_HETERODIMER_ATP1_A3B2_pc(0);cplx_HETERODIMER_ATP1_A3B3_pc(0);cplx_HETERODIMER_ATP1_A4B1_pc(0);cplx_HETERODIMER_ATP1_A4B2_pc(0);cplx_HETERODIMER_ATP1_A4B3_pc(0)	0;0;0;0;0;0;0;0;0	234000.0
enzyme_L_LACt2_fwd_pc	enzyme_L_LACt2_fwd	cplx_HETEROTETRAMER_SLC16A1_BSG_pc;cplx_HETEROTETRAMER_SLC16A7_BSG_pc;cplx_HETEROTETRAMER_SLC16A1_EMB_pc;cplx_HETEROTETRAMER_SLC16A7_EMB_pc;cplx_HOMODIMER_SLC16A1_pc;cplx_HOMODIMER_SLC16A7_pc	L_LACt2	forward	pc	cplx_HETEROTETRAMER_SLC16A1_BSG_pc(282854.491476753);cplx_HETEROTETRAMER_SLC16A7_BSG_pc(279008.7778332968);cplx_HETEROTETRAMER_SLC16A1_EMB_pc(271058.5468744385);cplx_HETEROTETRAMER_SLC16A7_EMB_pc(267157.31511680124);cplx_HOMODIMER_SLC16A1_pc(183401.35856691742);cplx_HOMODIMER_SLC16A7_pc(178950.14112858303)	282854.491476753;279008.7778332968;271058.5468744385;267157.31511680124;183401.35856691742;178950.14112858303	234000.0
enzyme_L_LACt2_rev_pc	enzyme_L_LACt2_rev	cplx_HETEROTETRAMER_SLC16A1_BSG_pc;cplx_HETEROTETRAMER_SLC16A7_BSG_pc;cplx_HETEROTETRAMER_SLC16A1_EMB_pc;cplx_HETEROTETRAMER_SLC16A7_EMB_pc;cplx_HOMODIMER_SLC16A1_pc;cplx_HOMODIMER_SLC16A7_pc	L_LACt2	reverse	pc	cplx_HETEROTETRAMER_SLC16A1_BSG_pc(282854.491476753);cplx_HETEROTETRAMER_SLC16A7_BSG_pc(279008.7778332968);cplx_HETEROTETRAMER_SLC16A1_EMB_pc(271058.5468744385);cplx_HETEROTETRAMER_SLC16A7_EMB_pc(267157.31511680124);cplx_HOMODIMER_SLC16A1_pc(183401.35856691742);cplx_HOMODIMER_SLC16A7_pc(178950.14112858303)	282854.491476753;279008.7778332968;271058.5468744385;267157.31511680124;183401.35856691742;178950.14112858303	234000.0
enzyme_PYRt2_fwd_pc	enzyme_PYRt2_fwd	cplx_HETEROTETRAMER_SLC16A1_BSG_pc;cplx_HETEROTETRAMER_SLC16A7_BSG_pc;cplx_HETEROTETRAMER_SLC16A1_EMB_pc;cplx_HETEROTETRAMER_SLC16A7_EMB_pc;cplx_HOMODIMER_SLC16A1_pc;cplx_HOMODIMER_SLC16A7_pc	PYRt2	forward	pc	cplx_HETEROTETRAMER_SLC16A1_BSG_pc(282854.491476753);cplx_HETEROTETRAMER_SLC16A7_BSG_pc(279008.7778332968);cplx_HETEROTETRAMER_SLC16A1_EMB_pc(271058.5468744385);cplx_HETEROTETRAMER_SLC16A7_EMB_pc(267157.31511680124);cplx_HOMODIMER_SLC16A1_pc(183401.35856691742);cplx_HOMODIMER_SLC16A7_pc(178950.14112858303)	282854.491476753;279008.7778332968;271058.5468744385;267157.31511680124;183401.35856691742;178950.14112858303	234000.0
enzyme_PYRt2_rev_pc	enzyme_PYRt2_rev	cplx_HETEROTETRAMER_SLC16A1_BSG_pc;cplx_HETEROTETRAMER_SLC16A7_BSG_pc;cplx_HETEROTETRAMER_SLC16A1_EMB_pc;cplx_HETEROTETRAMER_SLC16A7_EMB_pc;cplx_HOMODIMER_SLC16A1_pc;cplx_HOMODIMER_SLC16A7_pc	PYRt2	reverse	pc	cplx_HETEROTETRAMER_SLC16A1_BSG_pc(282854.491476753);cplx_HETEROTETRAMER_SLC16A7_BSG_pc(279008.7778332968);cplx_HETEROTETRAMER_SLC16A1_EMB_pc(271058.5468744385);cplx_HETEROTETRAMER_SLC16A7_EMB_pc(267157.31511680124);cplx_HOMODIMER_SLC16A1_pc(183401.35856691742);cplx_HOMODIMER_SLC16A7_pc(178950.14112858303)	282854.491476753;279008.7778332968;271058.5468744385;267157.31511680124;183401.35856691742;178950.14112858303	234000.0
enzyme_ADPT_fwd_pc	enzyme_ADPT_fwd	cplx_HOMODIMER_APRT_pc	ADPT	forward	pc	cplx_HOMODIMER_APRT_pc(85836.24536200915)	85836.24536200915	234000.0
enzyme_ADPT_rev_pc	enzyme_ADPT_rev	cplx_HOMODIMER_APRT_pc	ADPT	reverse	pc	cplx_HOMODIMER_APRT_pc(0)	0	234000.0
enzyme_DPGase_fwd_pc	enzyme_DPGase_fwd	cplx_HOMODIMER_BPGM_pc	DPGase	forward	pc	cplx_HOMODIMER_BPGM_pc(118096.46502332822)	118096.46502332822	234000.0
enzyme_DPGase_rev_pc	enzyme_DPGase_rev	cplx_HOMODIMER_BPGM_pc	DPGase	reverse	pc	cplx_HOMODIMER_BPGM_pc(0)	0	234000.0
enzyme_DPGM_fwd_pc	enzyme_DPGM_fwd	cplx_HOMODIMER_BPGM_pc;cplx_HOMODIMER_PGAM1_pc	DPGM	forward	pc	cplx_HOMODIMER_BPGM_pc(118096.46502332822);cplx_HOMODIMER_PGAM1_pc(114540.89312828587)	118096.46502332822;114540.89312828587	234000.0
enzyme_DPGM_rev_pc	enzyme_DPGM_rev	cplx_HOMODIMER_BPGM_pc;cplx_HOMODIMER_PGAM1_pc	DPGM	reverse	pc	cplx_HOMODIMER_BPGM_pc(118096.46502332822);cplx_HOMODIMER_PGAM1_pc(114540.89312828587)	118096.46502332822;114540.89312828587	234000.0
enzyme_PGM_fwd_pc	enzyme_PGM_fwd	cplx_HOMODIMER_BPGM_pc;cplx_HOMODIMER_PGAM1_pc	PGM	forward	pc	cplx_HOMODIMER_BPGM_pc(118096.46502332822);cplx_HOMODIMER_PGAM1_pc(114540.89312828587)	118096.46502332822;114540.89312828587	234000.0
enzyme_PGM_rev_pc	enzyme_PGM_rev	cplx_HOMODIMER_BPGM_pc;cplx_HOMODIMER_PGAM1_pc	PGM	reverse	pc	cplx_HOMODIMER_BPGM_pc(118096.46502332822);cplx_HOMODIMER_PGAM1_pc(114540.89312828587)	118096.46502332822;114540.89312828587	234000.0
enzyme_ENO_fwd_pc	enzyme_ENO_fwd	cplx_HOMODIMER_ENO1_pc;cplx_HETERODIMER_ENO_AG_pc;cplx_HETERODIMER_ENO_AB_pc;cplx_HOMODIMER_ENO2_pc;cplx_HETERODIMER_ENO_BG_pc;cplx_HOMODIMER_ENO3_pc	ENO	forward	pc	cplx_HOMODIMER_ENO1_pc(165815.6741611954);cplx_HETERODIMER_ENO_AG_pc(165923.0541159469);cplx_HETERODIMER_ENO_AB_pc(165576.90979347643);cplx_HOMODIMER_ENO2_pc(166030.41091143104);cplx_HETERODIMER_ENO_BG_pc(165684.34131564762);cplx_HOMODIMER_ENO3_pc(165338.03060324656)	165815.6741611954;165923.0541159469;165576.90979347643;166030.41091143104;165684.34131564762;165338.03060324656	234000.0
enzyme_ENO_rev_pc	enzyme_ENO_rev	cplx_HOMODIMER_ENO1_pc;cplx_HETERODIMER_ENO_AG_pc;cplx_HETERODIMER_ENO_AB_pc;cplx_HOMODIMER_ENO2_pc;cplx_HETERODIMER_ENO_BG_pc;cplx_HOMODIMER_ENO3_pc	ENO	reverse	pc	cplx_HOMODIMER_ENO1_pc(165815.6741611954);cplx_HETERODIMER_ENO_AG_pc(165923.0541159469);cplx_HETERODIMER_ENO_AB_pc(165576.90979347643);cplx_HOMODIMER_ENO2_pc(166030.41091143104);cplx_HETERODIMER_ENO_BG_pc(165684.34131564762);cplx_HOMODIMER_ENO3_pc(165338.03060324656)	165815.6741611954;165923.0541159469;165576.90979347643;166030.41091143104;165684.34131564762;165338.03060324656	234000.0
enzyme_PGI_fwd_pc	enzyme_PGI_fwd	cplx_HOMODIMER_GPI_pc	PGI	forward	pc	cplx_HOMODIMER_GPI_pc(206378.26107901678)	206378.26107901678	234000.0
enzyme_PGI_rev_pc	enzyme_PGI_rev	cplx_HOMODIMER_GPI_pc	PGI	reverse	pc	cplx_HOMODIMER_GPI_pc(206378.26107901678)	206378.26107901678	234000.0
enzyme_GTHOy_fwd_pc	enzyme_GTHOy_fwd	cplx_HOMODIMER_GSR_pc	GTHOy	forward	pc	cplx_HOMODIMER_GSR_pc(177627.99098947545)	177627.99098947545	234000.0
enzyme_GTHOy_rev_pc	enzyme_GTHOy_rev	cplx_HOMODIMER_GSR_pc	GTHOy	reverse	pc	cplx_HOMODIMER_GSR_pc(0)	0	234000.0
enzyme_PPA_fwd_pc	enzyme_PPA_fwd	cplx_HOMODIMER_LHPP_pc;cplx_HOMODIMER_PPA1_pc;cplx_HOMODIMER_PPA2_pc;cplx_HOMODIMER_PRUNE1_pc	PPA	forward	pc	cplx_HOMODIMER_LHPP_pc(115608.21569455187);cplx_HOMODIMER_PPA1_pc(125839.0716180834);cplx_HOMODIMER_PPA2_pc(140778.59585390918);cplx_HOMODIMER_PRUNE1_pc(173693.83645451095)	115608.21569455187;125839.0716180834;140778.59585390918;173693.83645451095	234000.0
enzyme_PPA_rev_pc	enzyme_PPA_rev	cplx_HOMODIMER_LHPP_pc;cplx_HOMODIMER_PPA1_pc;cplx_HOMODIMER_PPA2_pc;cplx_HOMODIMER_PRUNE1_pc	PPA	reverse	pc	cplx_HOMODIMER_LHPP_pc(0);cplx_HOMODIMER_PPA1_pc(0);cplx_HOMODIMER_PPA2_pc(0);cplx_HOMODIMER_PRUNE1_pc(0)	0;0;0;0	234000.0
enzyme_GND_fwd_pc	enzyme_GND_fwd	cplx_HOMODIMER_PGD_pc	GND	forward	pc	cplx_HOMODIMER_PGD_pc(181319.02867927135)	181319.02867927135	234000.0
enzyme_GND_rev_pc	enzyme_GND_rev	cplx_HOMODIMER_PGD_pc	GND	reverse	pc	cplx_HOMODIMER_PGD_pc(0)	0	234000.0
enzyme_PRPPS_fwd_pc	enzyme_PRPPS_fwd	cplx_HOMODIMER_PRPS1_pc;cplx_HOMODIMER_PRPS1L1_pc;cplx_HOMODIMER_PRPS2_pc	PRPPS	forward	pc	cplx_HOMODIMER_PRPS1_pc(132089.86380551566);cplx_HOMODIMER_PRPS1L1_pc(132095.73693911373);cplx_HOMODIMER_PRPS2_pc(131898.86413385143)	132089.86380551566;132095.73693911373;131898.86413385143	234000.0
enzyme_PRPPS_rev_pc	enzyme_PRPPS_rev	cplx_HOMODIMER_PRPS1_pc;cplx_HOMODIMER_PRPS1L1_pc;cplx_HOMODIMER_PRPS2_pc	PRPPS	reverse	pc	cplx_HOMODIMER_PRPS1_pc(0);cplx_HOMODIMER_PRPS1L1_pc(0);cplx_HOMODIMER_PRPS2_pc(0)	0;0;0	234000.0
enzyme_RPE_fwd_pc	enzyme_RPE_fwd	cplx_HOMODIMER_RPE_pc	RPE	forward	pc	cplx_HOMODIMER_RPE_pc(102752.03050464574)	102752.03050464574	234000.0
enzyme_RPE_rev_pc	enzyme_RPE_rev	cplx_HOMODIMER_RPE_pc	RPE	reverse	pc	cplx_HOMODIMER_RPE_pc(102752.03050464574)	102752.03050464574	234000.0
enzyme_RPI_fwd_pc	enzyme_RPI_fwd	cplx_HOMODIMER_RPIA_pc	RPI	forward	pc	cplx_HOMODIMER_RPIA_pc(127629.82734719562)	127629.82734719562	234000.0
enzyme_RPI_rev_pc	enzyme_RPI_rev	cplx_HOMODIMER_RPIA_pc	RPI	reverse	pc	cplx_HOMODIMER_RPIA_pc(127629.82734719562)	127629.82734719562	234000.0
enzyme_SPODM_fwd_pc	enzyme_SPODM_fwd	cplx_HOMODIMER_SOD1_pc	SPODM	forward	pc	cplx_HOMODIMER_SOD1_pc(73458.0213929198)	73458.0213929198	234000.0
enzyme_SPODM_rev_pc	enzyme_SPODM_rev	cplx_HOMODIMER_SOD1_pc	SPODM	reverse	pc	cplx_HOMODIMER_SOD1_pc(0)	0	234000.0
enzyme_FE3RD_fwd_pc	enzyme_FE3RD_fwd	cplx_HOMODIMER_STEAP3_pc	FE3RD	forward	pc	cplx_HOMODIMER_STEAP3_pc(185064.62774730136)	185064.62774730136	234000.0
enzyme_FE3RD_rev_pc	enzyme_FE3RD_rev	cplx_HOMODIMER_STEAP3_pc	FE3RD	reverse	pc	cplx_HOMODIMER_STEAP3_pc(0)	0	234000.0
enzyme_TALA_fwd_pc	enzyme_TALA_fwd	cplx_HOMODIMER_TALDO1_pc	TALA	forward	pc	cplx_HOMODIMER_TALDO1_pc(139713.24112336352)	139713.24112336352	234000.0
enzyme_TALA_rev_pc	enzyme_TALA_rev	cplx_HOMODIMER_TALDO1_pc	TALA	reverse	pc	cplx_HOMODIMER_TALDO1_pc(139713.24112336352)	139713.24112336352	234000.0
enzyme_TKT1_fwd_pc	enzyme_TKT1_fwd	cplx_HOMODIMER_TKT_pc	TKT1	forward	pc	cplx_HOMODIMER_TKT_pc(217862.87966325114)	217862.87966325114	234000.0
enzyme_TKT1_rev_pc	enzyme_TKT1_rev	cplx_HOMODIMER_TKT_pc	TKT1	reverse	pc	cplx_HOMODIMER_TKT_pc(217862.87966325114)	217862.87966325114	234000.0
enzyme_TKT2_fwd_pc	enzyme_TKT2_fwd	cplx_HOMODIMER_TKT_pc	TKT2	forward	pc	cplx_HOMODIMER_TKT_pc(217862.87966325114)	217862.87966325114	234000.0
enzyme_TKT2_rev_pc	enzyme_TKT2_rev	cplx_HOMODIMER_TKT_pc	TKT2	reverse	pc	cplx_HOMODIMER_TKT_pc(217862.87966325114)	217862.87966325114	234000.0
enzyme_TPI_fwd_pc	enzyme_TPI_fwd	cplx_HOMODIMER_TPI1_pc	TPI	forward	pc	cplx_HOMODIMER_TPI1_pc(108113.99116359073)	108113.99116359073	234000.0
enzyme_TPI_rev_pc	enzyme_TPI_rev	cplx_HOMODIMER_TPI1_pc	TPI	reverse	pc	cplx_HOMODIMER_TPI1_pc(108113.99116359073)	108113.99116359073	234000.0
enzyme_FBA_fwd_pc	enzyme_FBA_fwd	cplx_HOMOTETRAMER_ALDOA_pc;cplx_HOMOTETRAMER_ALDOB_pc;cplx_HOMOTETRAMER_ALDOC_pc	FBA	forward	pc	cplx_HOMOTETRAMER_ALDOA_pc(243763.3187059349);cplx_HOMOTETRAMER_ALDOB_pc(244004.49822607246);cplx_HOMOTETRAMER_ALDOC_pc(243906.14423173884)	243763.3187059349;244004.49822607246;243906.14423173884	234000.0
enzyme_FBA_rev_pc	enzyme_FBA_rev	cplx_HOMOTETRAMER_ALDOA_pc;cplx_HOMOTETRAMER_ALDOB_pc;cplx_HOMOTETRAMER_ALDOC_pc	FBA	reverse	pc	cplx_HOMOTETRAMER_ALDOA_pc(243763.3187059349);cplx_HOMOTETRAMER_ALDOB_pc(244004.49822607246);cplx_HOMOTETRAMER_ALDOC_pc(243906.14423173884)	243763.3187059349;244004.49822607246;243906.14423173884	234000.0
enzyme_AMPDA_fwd_pc	enzyme_AMPDA_fwd	cplx_HOMOTETRAMER_AMPD3_pc	AMPDA	forward	pc	cplx_HOMOTETRAMER_AMPD3_pc(448213.19053820166)	448213.19053820166	234000.0
enzyme_AMPDA_rev_pc	enzyme_AMPDA_rev	cplx_HOMOTETRAMER_AMPD3_pc	AMPDA	reverse	pc	cplx_HOMOTETRAMER_AMPD3_pc(0)	0	234000.0
enzyme_O2t_fwd_pc	enzyme_O2t_fwd	cplx_HOMOTETRAMER_AQP1_pc	O2t	forward	pc	cplx_HOMOTETRAMER_AQP1_pc(191243.407671574)	191243.407671574	234000.0
enzyme_O2t_rev_pc	enzyme_O2t_rev	cplx_HOMOTETRAMER_AQP1_pc	O2t	reverse	pc	cplx_HOMOTETRAMER_AQP1_pc(191243.407671574)	191243.407671574	234000.0
enzyme_CO2t_fwd_pc	enzyme_CO2t_fwd	cplx_HOMOTETRAMER_AQP1_pc;cplx_HOMODIMER_RHAG_pc;cplx_HETEROTRIMER_RH_pc;cplx_HETEROTETRAMER_RH_pc	CO2t	forward	pc	cplx_HOMOTETRAMER_AQP1_pc(191243.407671574);cplx_HOMODIMER_RHAG_pc(157910.99980832066);cplx_HETEROTRIMER_RH_pc(215565.55709984383);cplx_HETEROTETRAMER_RH_pc(268146.2007800635)	191243.407671574;157910.99980832066;215565.55709984383;268146.2007800635	234000.0
enzyme_CO2t_rev_pc	enzyme_CO2t_rev	cplx_HOMOTETRAMER_AQP1_pc;cplx_HOMODIMER_RHAG_pc;cplx_HETEROTRIMER_RH_pc;cplx_HETEROTETRAMER_RH_pc	CO2t	reverse	pc	cplx_HOMOTETRAMER_AQP1_pc(191243.407671574);cplx_HOMODIMER_RHAG_pc(157910.99980832066);cplx_HETEROTRIMER_RH_pc(215565.55709984383);cplx_HETEROTETRAMER_RH_pc(268146.2007800635)	191243.407671574;157910.99980832066;215565.55709984383;268146.2007800635	234000.0
enzyme_H2Ot_fwd_pc	enzyme_H2Ot_fwd	cplx_HOMOTETRAMER_AQP1_pc;cplx_HOMOTETRAMER_AQP3_pc	H2Ot	forward	pc	cplx_HOMOTETRAMER_AQP1_pc(191243.407671574);cplx_HOMOTETRAMER_AQP3_pc(206220.13491269993)	191243.407671574;206220.13491269993	234000.0
enzyme_H2Ot_rev_pc	enzyme_H2Ot_rev	cplx_HOMOTETRAMER_AQP1_pc;cplx_HOMOTETRAMER_AQP3_pc	H2Ot	reverse	pc	cplx_HOMOTETRAMER_AQP1_pc(191243.407671574);cplx_HOMOTETRAMER_AQP3_pc(206220.13491269993)	191243.407671574;206220.13491269993	234000.0
enzyme_NH4t_fwd_pc	enzyme_NH4t_fwd	cplx_HOMOTETRAMER_AQP1_pc;cplx_HOMOTETRAMER_AQP3_pc;cplx_HOMODIMER_RHAG_pc;cplx_HETEROTRIMER_RH_pc;cplx_HETEROTETRAMER_RH_pc	NH4t	forward	pc	cplx_HOMOTETRAMER_AQP1_pc(191243.407671574);cplx_HOMOTETRAMER_AQP3_pc(206220.13491269993);cplx_HOMODIMER_RHAG_pc(157910.99980832066);cplx_HETEROTRIMER_RH_pc(215565.55709984383);cplx_HETEROTETRAMER_RH_pc(268146.2007800635)	191243.407671574;206220.13491269993;157910.99980832066;215565.55709984383;268146.2007800635	234000.0
enzyme_NH4t_rev_pc	enzyme_NH4t_rev	cplx_HOMOTETRAMER_AQP1_pc;cplx_HOMOTETRAMER_AQP3_pc;cplx_HOMODIMER_RHAG_pc;cplx_HETEROTRIMER_RH_pc;cplx_HETEROTETRAMER_RH_pc	NH4t	reverse	pc	cplx_HOMOTETRAMER_AQP1_pc(191243.407671574);cplx_HOMOTETRAMER_AQP3_pc(206220.13491269993);cplx_HOMODIMER_RHAG_pc(157910.99980832066);cplx_HETEROTRIMER_RH_pc(215565.55709984383);cplx_HETEROTETRAMER_RH_pc(268146.2007800635)	191243.407671574;206220.13491269993;157910.99980832066;215565.55709984383;268146.2007800635	234000.0
enzyme_G6PDH2_fwd_pc	enzyme_G6PDH2_fwd	cplx_HOMOTETRAMER_G6PD_pc	G6PDH2	forward	pc	cplx_HOMOTETRAMER_G6PD_pc(330892.51911608764)	330892.51911608764	234000.0
enzyme_G6PDH2_rev_pc	enzyme_G6PDH2_rev	cplx_HOMOTETRAMER_G6PD_pc	G6PDH2	reverse	pc	cplx_HOMOTETRAMER_G6PD_pc(0)	0	234000.0
enzyme_GAPD_fwd_pc	enzyme_GAPD_fwd	cplx_HOMOTETRAMER_GAPDH_pc;cplx_HOMOTETRAMER_GAPDHS_pc	GAPD	forward	pc	cplx_HOMOTETRAMER_GAPDH_pc(227977.0839629962);cplx_HOMOTETRAMER_GAPDHS_pc(266966.2565330487)	227977.0839629962;266966.2565330487	234000.0
enzyme_GAPD_rev_pc	enzyme_GAPD_rev	cplx_HOMOTETRAMER_GAPDH_pc;cplx_HOMOTETRAMER_GAPDHS_pc	GAPD	reverse	pc	cplx_HOMOTETRAMER_GAPDH_pc(227977.0839629962);cplx_HOMOTETRAMER_GAPDHS_pc(266966.2565330487)	227977.0839629962;266966.2565330487	234000.0
enzyme_GTHP_fwd_pc	enzyme_GTHP_fwd	cplx_HOMOTETRAMER_GPX1_pc;cplx_MONOMER_GPX4_pc	GTHP	forward	pc	cplx_HOMOTETRAMER_GPX1_pc(157604.4552787696);cplx_MONOMER_GPX4_pc(50793.87478731876)	157604.4552787696;50793.87478731876	234000.0
enzyme_GTHP_rev_pc	enzyme_GTHP_rev	cplx_HOMOTETRAMER_GPX1_pc;cplx_MONOMER_GPX4_pc	GTHP	reverse	pc	cplx_HOMOTETRAMER_GPX1_pc(0);cplx_MONOMER_GPX4_pc(0)	0;0	234000.0
enzyme_Kt1_fwd_pc	enzyme_Kt1_fwd	cplx_HOMOTETRAMER_GRIA1_pc;cplx_HOMOTETRAMER_KCNAB2_pc;cplx_HOMODIMER_KCNK5_pc;cplx_HOMOTETRAMER_KCNN4_pc;cplx_HOMOTRIMER_P2RX1_pc;cplx_HOMOTRIMER_P2RX2_pc;cplx_HOMOTRIMER_P2RX7_pc;cplx_HOMOHEPTAMER_PANX1_pc;cplx_HOMOTRIMER_PIEZO1_pc;cplx_MONOMER_SLC22A4_pc;cplx_MONOMER_TMEM109_pc;cplx_HOMODIMER_VDAC1_pc	Kt1	forward	pc	cplx_HOMOTETRAMER_GRIA1_pc(495485.7514970548);cplx_HOMOTETRAMER_KCNAB2_pc(251078.4866320752);cplx_HOMODIMER_KCNK5_pc(186382.81735542708);cplx_HOMOTETRAMER_KCNN4_pc(281292.84945618786);cplx_HOMOTRIMER_P2RX1_pc(216904.1723351131);cplx_HOMOTRIMER_P2RX2_pc(240958.6758341522);cplx_HOMOTRIMER_P2RX7_pc(297632.9379483869);cplx_HOMOHEPTAMER_PANX1_pc(430207.3936944364);cplx_HOMOTRIMER_PIEZO1_pc(870210.160190862);cplx_MONOMER_SLC22A4_pc(121260.23935021428);cplx_MONOMER_TMEM109_pc(63470.68630559252);cplx_HOMODIMER_VDAC1_pc(120375.5423249257)	495485.7514970548;251078.4866320752;186382.81735542708;281292.84945618786;216904.1723351131;240958.6758341522;297632.9379483869;430207.3936944364;870210.160190862;121260.23935021428;63470.68630559252;120375.5423249257	234000.0
enzyme_Kt1_rev_pc	enzyme_Kt1_rev	cplx_HOMOTETRAMER_GRIA1_pc;cplx_HOMOTETRAMER_KCNAB2_pc;cplx_HOMODIMER_KCNK5_pc;cplx_HOMOTETRAMER_KCNN4_pc;cplx_HOMOTRIMER_P2RX1_pc;cplx_HOMOTRIMER_P2RX2_pc;cplx_HOMOTRIMER_P2RX7_pc;cplx_HOMOHEPTAMER_PANX1_pc;cplx_HOMOTRIMER_PIEZO1_pc;cplx_MONOMER_SLC22A4_pc;cplx_MONOMER_TMEM109_pc;cplx_HOMODIMER_VDAC1_pc	Kt1	reverse	pc	cplx_HOMOTETRAMER_GRIA1_pc(0);cplx_HOMOTETRAMER_KCNAB2_pc(0);cplx_HOMODIMER_KCNK5_pc(0);cplx_HOMOTETRAMER_KCNN4_pc(0);cplx_HOMOTRIMER_P2RX1_pc(0);cplx_HOMOTRIMER_P2RX2_pc(0);cplx_HOMOTRIMER_P2RX7_pc(0);cplx_HOMOHEPTAMER_PANX1_pc(0);cplx_HOMOTRIMER_PIEZO1_pc(0);cplx_MONOMER_SLC22A4_pc(0);cplx_MONOMER_TMEM109_pc(0);cplx_HOMODIMER_VDAC1_pc(0)	0;0;0;0;0;0;0;0;0;0;0;0	234000.0
enzyme_NAt_fwd_pc	enzyme_NAt_fwd	cplx_HOMOTETRAMER_GRIA1_pc;cplx_HOMOTRIMER_P2RX1_pc;cplx_HOMOTRIMER_P2RX2_pc;cplx_HOMOTRIMER_P2RX7_pc;cplx_HOMOHEPTAMER_PANX1_pc;cplx_HOMOTRIMER_PIEZO1_pc;cplx_MONOMER_SCN4A_pc;cplx_MONOMER_SCN9A_pc;cplx_HOMODIMER_VDAC1_pc	NAt	forward	pc	cplx_HOMOTETRAMER_GRIA1_pc(495485.7514970548);cplx_HOMOTRIMER_P2RX1_pc(216904.1723351131);cplx_HOMOTRIMER_P2RX2_pc(240958.6758341522);cplx_HOMOTRIMER_P2RX7_pc(297632.9379483869);cplx_HOMOHEPTAMER_PANX1_pc(430207.3936944364);cplx_HOMOTRIMER_PIEZO1_pc(870210.160190862);cplx_MONOMER_SCN4A_pc(300025.3751228082);cplx_MONOMER_SCN9A_pc(319683.28201534954);cplx_HOMODIMER_VDAC1_pc(120375.5423249257)	495485.7514970548;216904.1723351131;240958.6758341522;297632.9379483869;430207.3936944364;870210.160190862;300025.3751228082;319683.28201534954;120375.5423249257	234000.0
enzyme_NAt_rev_pc	enzyme_NAt_rev	cplx_HOMOTETRAMER_GRIA1_pc;cplx_HOMOTRIMER_P2RX1_pc;cplx_HOMOTRIMER_P2RX2_pc;cplx_HOMOTRIMER_P2RX7_pc;cplx_HOMOHEPTAMER_PANX1_pc;cplx_HOMOTRIMER_PIEZO1_pc;cplx_MONOMER_SCN4A_pc;cplx_MONOMER_SCN9A_pc;cplx_HOMODIMER_VDAC1_pc	NAt	reverse	pc	cplx_HOMOTETRAMER_GRIA1_pc(0);cplx_HOMOTRIMER_P2RX1_pc(0);cplx_HOMOTRIMER_P2RX2_pc(0);cplx_HOMOTRIMER_P2RX7_pc(0);cplx_HOMOHEPTAMER_PANX1_pc(0);cplx_HOMOTRIMER_PIEZO1_pc(0);cplx_MONOMER_SCN4A_pc(0);cplx_MONOMER_SCN9A_pc(0);cplx_HOMODIMER_VDAC1_pc(0)	0;0;0;0;0;0;0;0;0	234000.0
enzyme_HXPRT_fwd_pc	enzyme_HXPRT_fwd	cplx_HOMOTETRAMER_HPRT1_pc	HXPRT	forward	pc	cplx_HOMOTETRAMER_HPRT1_pc(171024.19026937452)	171024.19026937452	234000.0
enzyme_HXPRT_rev_pc	enzyme_HXPRT_rev	cplx_HOMOTETRAMER_HPRT1_pc	HXPRT	reverse	pc	cplx_HOMOTETRAMER_HPRT1_pc(0)	0	234000.0
enzyme_LDH_L_fwd_pc	enzyme_LDH_L_fwd	cplx_HOMOTETRAMER_LDHA_pc;cplx_HETEROTETRAMER_LDHA_LDHB_A1B3_pc;cplx_HETEROTETRAMER_LDHA_LDHB_A2B2_pc;cplx_HETEROTETRAMER_LDHA_LDHB_A3B1_pc;cplx_HOMOTETRAMER_LDHB_pc	LDH_L	forward	pc	cplx_HOMOTETRAMER_LDHA_pc(230984.14202522853);cplx_HETEROTETRAMER_LDHA_LDHB_A1B3_pc(230774.125592718);cplx_HETEROTETRAMER_LDHA_LDHB_A2B2_pc(230844.1381463334);cplx_HETEROTETRAMER_LDHA_LDHB_A3B1_pc(230914.14362264503);cplx_HOMOTETRAMER_LDHB_pc(230704.10595821982)	230984.14202522853;230774.125592718;230844.1381463334;230914.14362264503;230704.10595821982	234000.0
enzyme_LDH_L_rev_pc	enzyme_LDH_L_rev	cplx_HOMOTETRAMER_LDHA_pc;cplx_HETEROTETRAMER_LDHA_LDHB_A1B3_pc;cplx_HETEROTETRAMER_LDHA_LDHB_A2B2_pc;cplx_HETEROTETRAMER_LDHA_LDHB_A3B1_pc;cplx_HOMOTETRAMER_LDHB_pc	LDH_L	reverse	pc	cplx_HOMOTETRAMER_LDHA_pc(230984.14202522853);cplx_HETEROTETRAMER_LDHA_LDHB_A1B3_pc(230774.125592718);cplx_HETEROTETRAMER_LDHA_LDHB_A2B2_pc(230844.1381463334);cplx_HETEROTETRAMER_LDHA_LDHB_A3B1_pc(230914.14362264503);cplx_HOMOTETRAMER_LDHB_pc(230704.10595821982)	230984.14202522853;230774.125592718;230844.1381463334;230914.14362264503;230704.10595821982	234000.0
enzyme_NTDAMP_fwd_pc	enzyme_NTDAMP_fwd	cplx_HOMOTETRAMER_NT5C2_pc	NTDAMP	forward	pc	cplx_HOMOTETRAMER_NT5C2_pc(354502.0255855283)	354502.0255855283	234000.0
enzyme_NTDAMP_rev_pc	enzyme_NTDAMP_rev	cplx_HOMOTETRAMER_NT5C2_pc	NTDAMP	reverse	pc	cplx_HOMOTETRAMER_NT5C2_pc(0)	0	234000.0
enzyme_NTDIMP_fwd_pc	enzyme_NTDIMP_fwd	cplx_HOMOTETRAMER_NT5C2_pc	NTDIMP	forward	pc	cplx_HOMOTETRAMER_NT5C2_pc(354502.0255855283)	354502.0255855283	234000.0
enzyme_NTDIMP_rev_pc	enzyme_NTDIMP_rev	cplx_HOMOTETRAMER_NT5C2_pc	NTDIMP	reverse	pc	cplx_HOMOTETRAMER_NT5C2_pc(0)	0	234000.0
enzyme_PFK_fwd_pc	enzyme_PFK_fwd	cplx_HOMOTETRAMER_PFKL_pc;cplx_HETEROTETRAMER_PFKL_PFKM_M1L3_pc;cplx_HETEROTETRAMER_PFKL_PFKM_M2L2_pc;cplx_HETEROTETRAMER_PFKL_PFKM_M3L1_pc;cplx_HETEROTETRAMER_PFKL_PFKP_P1L3_pc;cplx_HETEROTETRAMER_PFKL_PFKP_P2L2_pc;cplx_HETEROTETRAMER_PFKL_PFKP_P3L1_pc;cplx_HOMOTETRAMER_PFKM_pc;cplx_HOMOTETRAMER_PFKP_pc	PFK	forward	pc	cplx_HOMOTETRAMER_PFKL_pc(433801.31807485485);cplx_HETEROTETRAMER_PFKL_PFKM_M1L3_pc(433962.1501085884);cplx_HETEROTETRAMER_PFKL_PFKM_M2L2_pc(434122.9622759589);cplx_HETEROTETRAMER_PFKL_PFKM_M3L1_pc(434283.7545892301);cplx_HETEROTETRAMER_PFKL_PFKP_P1L3_pc(434354.7911192205);cplx_HETEROTETRAMER_PFKL_PFKP_P2L2_pc(434908.0291771288);cplx_HETEROTETRAMER_PFKL_PFKP_P3L1_pc(435461.03274657176);cplx_HOMOTETRAMER_PFKM_pc(434444.52706065186);cplx_HOMOTETRAMER_PFKP_pc(436013.8023236448)	433801.31807485485;433962.1501085884;434122.9622759589;434283.7545892301;434354.7911192205;434908.0291771288;435461.03274657176;434444.52706065186;436013.8023236448	234000.0
enzyme_PFK_rev_pc	enzyme_PFK_rev	cplx_HOMOTETRAMER_PFKL_pc;cplx_HETEROTETRAMER_PFKL_PFKM_M1L3_pc;cplx_HETEROTETRAMER_PFKL_PFKM_M2L2_pc;cplx_HETEROTETRAMER_PFKL_PFKM_M3L1_pc;cplx_HETEROTETRAMER_PFKL_PFKP_P1L3_pc;cplx_HETEROTETRAMER_PFKL_PFKP_P2L2_pc;cplx_HETEROTETRAMER_PFKL_PFKP_P3L1_pc;cplx_HOMOTETRAMER_PFKM_pc;cplx_HOMOTETRAMER_PFKP_pc	PFK	reverse	pc	cplx_HOMOTETRAMER_PFKL_pc(0);cplx_HETEROTETRAMER_PFKL_PFKM_M1L3_pc(0);cplx_HETEROTETRAMER_PFKL_PFKM_M2L2_pc(0);cplx_HETEROTETRAMER_PFKL_PFKM_M3L1_pc(0);cplx_HETEROTETRAMER_PFKL_PFKP_P1L3_pc(0);cplx_HETEROTETRAMER_PFKL_PFKP_P2L2_pc(0);cplx_HETEROTETRAMER_PFKL_PFKP_P3L1_pc(0);cplx_HOMOTETRAMER_PFKM_pc(0);cplx_HOMOTETRAMER_PFKP_pc(0)	0;0;0;0;0;0;0;0;0	234000.0
enzyme_PYK_fwd_pc	enzyme_PYK_fwd	cplx_HOMOTETRAMER_PKLR_pc;cplx_HOMOTETRAMER_PKM_pc	PYK	forward	pc	cplx_HOMOTETRAMER_PKLR_pc(341634.1847579734);cplx_HOMOTETRAMER_PKM_pc(325374.6276823924)	341634.1847579734;325374.6276823924	234000.0
enzyme_PYK_rev_pc	enzyme_PYK_rev	cplx_HOMOTETRAMER_PKLR_pc;cplx_HOMOTETRAMER_PKM_pc	PYK	reverse	pc	cplx_HOMOTETRAMER_PKLR_pc(0);cplx_HOMOTETRAMER_PKM_pc(0)	0;0	234000.0
enzyme_GLC_Dt_fwd_pc	enzyme_GLC_Dt_fwd	cplx_HOMOTETRAMER_SLC2A1_pc;cplx_HOMOTETRAMER_SLC2A14_pc;cplx_HOMOTETRAMER_SLC2A2_pc;cplx_HOMOTETRAMER_SLC2A3_pc;cplx_HOMOTETRAMER_SLC2A4_pc	GLC_Dt	forward	pc	cplx_HOMOTETRAMER_SLC2A1_pc(309024.09214302636);cplx_HOMOTETRAMER_SLC2A14_pc(318540.84017852164);cplx_HOMOTETRAMER_SLC2A2_pc(323488.35129326145);cplx_HOMOTETRAMER_SLC2A3_pc(308314.4786536746);cplx_HOMOTETRAMER_SLC2A4_pc(312003.61973331275)	309024.09214302636;318540.84017852164;323488.35129326145;308314.4786536746;312003.61973331275	234000.0
enzyme_GLC_Dt_rev_pc	enzyme_GLC_Dt_rev	cplx_HOMOTETRAMER_SLC2A1_pc;cplx_HOMOTETRAMER_SLC2A14_pc;cplx_HOMOTETRAMER_SLC2A2_pc;cplx_HOMOTETRAMER_SLC2A3_pc;cplx_HOMOTETRAMER_SLC2A4_pc	GLC_Dt	reverse	pc	cplx_HOMOTETRAMER_SLC2A1_pc(309024.09214302636);cplx_HOMOTETRAMER_SLC2A14_pc(318540.84017852164);cplx_HOMOTETRAMER_SLC2A2_pc(323488.35129326145);cplx_HOMOTETRAMER_SLC2A3_pc(308314.4786536746);cplx_HOMOTETRAMER_SLC2A4_pc(312003.61973331275)	309024.09214302636;318540.84017852164;323488.35129326145;308314.4786536746;312003.61973331275	234000.0
enzyme_PUNP5_fwd_pc	enzyme_PUNP5_fwd	cplx_HOMOTRIMER_PNP_pc	PUNP5	forward	pc	cplx_HOMOTRIMER_PNP_pc(168457.94131529584)	168457.94131529584	234000.0
enzyme_PUNP5_rev_pc	enzyme_PUNP5_rev	cplx_HOMOTRIMER_PNP_pc	PUNP5	reverse	pc	cplx_HOMOTRIMER_PNP_pc(168457.94131529584)	168457.94131529584	234000.0
enzyme_BILRUBABCte_fwd_pc	enzyme_BILRUBABCte_fwd	cplx_MONOMER_ABCC4_pc	BILRUBABCte	forward	pc	cplx_MONOMER_ABCC4_pc(234242.2199763476)	234242.2199763476	234000.0
enzyme_BILRUBABCte_rev_pc	enzyme_BILRUBABCte_rev	cplx_MONOMER_ABCC4_pc	BILRUBABCte	reverse	pc	cplx_MONOMER_ABCC4_pc(0)	0	234000.0
enzyme_NTPA_fwd_pc	enzyme_NTPA_fwd	cplx_MONOMER_ABCE1_pc;cplx_MONOMER_ACTA1_pc;cplx_MONOMER_ACTB_pc;cplx_MONOMER_ACTC1_pc;cplx_MONOMER_ACTG1_pc;cplx_MONOMER_ACTG2_pc;cplx_HETEROTETRAMER_HSP90AA1_CDC37_pc;cplx_HETEROTETRAMER_HSP90AB1_CDC37_pc;cplx_COMPLEX_VCP_DERL1_pc;cplx_COMPLEX_VCP_NPLOC4_UFD1_FAF1_pc;cplx_COMPLEX_VCP_FAF1_pc;cplx_COMPLEX_VCP_NPLOC4_UFD1_FAF2_pc;cplx_MONOMER_HSPA8_pc;cplx_COMPLEX_VCP_NPLOC4_UFD1_UBXN1_pc;cplx_COMPLEX_VCP_NPLOC4_UFD1_UBXN7_pc;cplx_COMPLEX_VCP_NPLOC4_UFD1_pc;cplx_HOMOHEXAMER_NSF_pc;cplx_COMPLEX_VCP_NSFL1C_pc;cplx_COMPLEX_VCP_PLAA_pc;cplx_HOMOHEXAMER_RUVBL1_pc;cplx_COMPLEX_RUVBL1_RUVBL2_pc;cplx_HOMOHEXAMER_RUVBL2_pc;cplx_COMPLEX_VCP_UBXN6_pc;cplx_COMPLEX_VCP_VCPIP1_pc;cplx_COMPLEX_VPS4AB_pc	NTPA	forward	pc	cplx_MONOMER_ABCE1_pc(128746.53546552705);cplx_MONOMER_ACTA1_pc(90436.15861227241);cplx_MONOMER_ACTB_pc(89930.20170484105);cplx_MONOMER_ACTC1_pc(90384.41882645639);cplx_MONOMER_ACTG1_pc(90020.88061512276);cplx_MONOMER_ACTG2_pc(90156.64568604607);cplx_HETEROTETRAMER_HSP90AA1_CDC37_pc(352775.71142347506);cplx_HETEROTETRAMER_HSP90AB1_CDC37_pc(349913.17553528276);cplx_COMPLEX_VCP_DERL1_pc(980099.1614023056);cplx_COMPLEX_VCP_NPLOC4_UFD1_FAF1_pc(563997.8820706244);cplx_COMPLEX_VCP_FAF1_pc(790968.9905910018);cplx_COMPLEX_VCP_NPLOC4_UFD1_FAF2_pc(545217.2402022253);cplx_MONOMER_HSPA8_pc(133821.66134377202);cplx_COMPLEX_VCP_NPLOC4_UFD1_UBXN1_pc(362836.5142989883);cplx_COMPLEX_VCP_NPLOC4_UFD1_UBXN7_pc(487316.4253646871);cplx_COMPLEX_VCP_NPLOC4_UFD1_pc(370021.0797733027);cplx_HOMOHEXAMER_NSF_pc(575340.7117971209);cplx_COMPLEX_VCP_NSFL1C_pc(711221.2196950599);cplx_COMPLEX_VCP_PLAA_pc(683027.2468945506);cplx_HOMOHEXAMER_RUVBL1_pc(396181.8452483886);cplx_COMPLEX_RUVBL1_RUVBL2_pc(670895.1382931428);cplx_HOMOHEXAMER_RUVBL2_pc(401645.1913106244);cplx_COMPLEX_VCP_UBXN6_pc(652038.7775775741);cplx_COMPLEX_VCP_VCPIP1_pc(896488.9901435919);cplx_COMPLEX_VPS4AB_pc(170881.18548413226)	128746.53546552705;90436.15861227241;89930.20170484105;90384.41882645639;90020.88061512276;90156.64568604607;352775.71142347506;349913.17553528276;980099.1614023056;563997.8820706244;790968.9905910018;545217.2402022253;133821.66134377202;362836.5142989883;487316.4253646871;370021.0797733027;575340.7117971209;711221.2196950599;683027.2468945506;396181.8452483886;670895.1382931428;401645.1913106244;652038.7775775741;896488.9901435919;170881.18548413226	234000.0
enzyme_NTPA_rev_pc	enzyme_NTPA_rev	cplx_MONOMER_ABCE1_pc;cplx_MONOMER_ACTA1_pc;cplx_MONOMER_ACTB_pc;cplx_MONOMER_ACTC1_pc;cplx_MONOMER_ACTG1_pc;cplx_MONOMER_ACTG2_pc;cplx_HETEROTETRAMER_HSP90AA1_CDC37_pc;cplx_HETEROTETRAMER_HSP90AB1_CDC37_pc;cplx_COMPLEX_VCP_DERL1_pc;cplx_COMPLEX_VCP_NPLOC4_UFD1_FAF1_pc;cplx_COMPLEX_VCP_FAF1_pc;cplx_COMPLEX_VCP_NPLOC4_UFD1_FAF2_pc;cplx_MONOMER_HSPA8_pc;cplx_COMPLEX_VCP_NPLOC4_UFD1_UBXN1_pc;cplx_COMPLEX_VCP_NPLOC4_UFD1_UBXN7_pc;cplx_COMPLEX_VCP_NPLOC4_UFD1_pc;cplx_HOMOHEXAMER_NSF_pc;cplx_COMPLEX_VCP_NSFL1C_pc;cplx_COMPLEX_VCP_PLAA_pc;cplx_HOMOHEXAMER_RUVBL1_pc;cplx_COMPLEX_RUVBL1_RUVBL2_pc;cplx_HOMOHEXAMER_RUVBL2_pc;cplx_COMPLEX_VCP_UBXN6_pc;cplx_COMPLEX_VCP_VCPIP1_pc;cplx_COMPLEX_VPS4AB_pc	NTPA	reverse	pc	cplx_MONOMER_ABCE1_pc(0);cplx_MONOMER_ACTA1_pc(0);cplx_MONOMER_ACTB_pc(0);cplx_MONOMER_ACTC1_pc(0);cplx_MONOMER_ACTG1_pc(0);cplx_MONOMER_ACTG2_pc(0);cplx_HETEROTETRAMER_HSP90AA1_CDC37_pc(0);cplx_HETEROTETRAMER_HSP90AB1_CDC37_pc(0);cplx_COMPLEX_VCP_DERL1_pc(0);cplx_COMPLEX_VCP_NPLOC4_UFD1_FAF1_pc(0);cplx_COMPLEX_VCP_FAF1_pc(0);cplx_COMPLEX_VCP_NPLOC4_UFD1_FAF2_pc(0);cplx_MONOMER_HSPA8_pc(0);cplx_COMPLEX_VCP_NPLOC4_UFD1_UBXN1_pc(0);cplx_COMPLEX_VCP_NPLOC4_UFD1_UBXN7_pc(0);cplx_COMPLEX_VCP_NPLOC4_UFD1_pc(0);cplx_HOMOHEXAMER_NSF_pc(0);cplx_COMPLEX_VCP_NSFL1C_pc(0);cplx_COMPLEX_VCP_PLAA_pc(0);cplx_HOMOHEXAMER_RUVBL1_pc(0);cplx_COMPLEX_RUVBL1_RUVBL2_pc(0);cplx_HOMOHEXAMER_RUVBL2_pc(0);cplx_COMPLEX_VCP_UBXN6_pc(0);cplx_COMPLEX_VCP_VCPIP1_pc(0);cplx_COMPLEX_VPS4AB_pc(0)	0;0;0;0;0;0;0;0;0;0;0;0;0;0;0;0;0;0;0;0;0;0;0;0;0	234000.0
enzyme_ADA_fwd_pc	enzyme_ADA_fwd	cplx_MONOMER_ADA_pc	ADA	forward	pc	cplx_MONOMER_ADA_pc(88357.08414932985)	88357.08414932985	234000.0
enzyme_ADA_rev_pc	enzyme_ADA_rev	cplx_MONOMER_ADA_pc	ADA	reverse	pc	cplx_MONOMER_ADA_pc(0)	0	234000.0
enzyme_ADNK1_fwd_pc	enzyme_ADNK1_fwd	cplx_MONOMER_ADK_pc	ADNK1	forward	pc	cplx_MONOMER_ADK_pc(88010.57503755676)	88010.57503755676	234000.0
enzyme_ADNK1_rev_pc	enzyme_ADNK1_rev	cplx_MONOMER_ADK_pc	ADNK1	reverse	pc	cplx_MONOMER_ADK_pc(0)	0	234000.0
enzyme_ADK1_fwd_pc	enzyme_ADK1_fwd	cplx_MONOMER_AK1_pc	ADK1	forward	pc	cplx_MONOMER_AK1_pc(54956.83338631623)	54956.83338631623	234000.0
enzyme_ADK1_rev_pc	enzyme_ADK1_rev	cplx_MONOMER_AK1_pc	ADK1	reverse	pc	cplx_MONOMER_AK1_pc(54956.83338631623)	54956.83338631623	234000.0
enzyme_CAATPS1_fwd_pc	enzyme_CAATPS1_fwd	cplx_MONOMER_ATP2B1_pc;cplx_MONOMER_ATP2B4_pc	CAATPS1	forward	pc	cplx_MONOMER_ATP2B1_pc(216546.34639444106);cplx_MONOMER_ATP2B4_pc(220450.02813031277)	216546.34639444106;220450.02813031277	234000.0
enzyme_CAATPS1_rev_pc	enzyme_CAATPS1_rev	cplx_MONOMER_ATP2B1_pc;cplx_MONOMER_ATP2B4_pc	CAATPS1	reverse	pc	cplx_MONOMER_ATP2B1_pc(0);cplx_MONOMER_ATP2B4_pc(0)	0;0	234000.0
enzyme_BILIREDy_fwd_pc	enzyme_BILIREDy_fwd	cplx_MONOMER_BLVRA_pc;cplx_MONOMER_BLVRB_pc	BILIREDy	forward	pc	cplx_MONOMER_BLVRA_pc(76148.09240728492);cplx_MONOMER_BLVRB_pc(55871.46580049591)	76148.09240728492;55871.46580049591	234000.0
enzyme_BILIREDy_rev_pc	enzyme_BILIREDy_rev	cplx_MONOMER_BLVRA_pc;cplx_MONOMER_BLVRB_pc	BILIREDy	reverse	pc	cplx_MONOMER_BLVRA_pc(0);cplx_MONOMER_BLVRB_pc(0)	0;0	234000.0
enzyme_CA2t_fwd_pc	enzyme_CA2t_fwd	cplx_MONOMER_CACNA1A_pc;cplx_HOMOTETRAMER_GRIA1_pc;cplx_HOMOTRIMER_P2RX1_pc;cplx_HOMOTRIMER_P2RX2_pc;cplx_HOMOTRIMER_P2RX7_pc;cplx_HOMOHEPTAMER_PANX1_pc;cplx_HOMOTRIMER_PIEZO1_pc;cplx_MONOMER_TMEM109_pc;cplx_HOMODIMER_TRPC6_pc;cplx_HOMOTETRAMER_TRPV2_pc;cplx_HOMODIMER_VDAC1_pc	CA2t	forward	pc	cplx_MONOMER_CACNA1A_pc(377559.5462578016);cplx_HOMOTETRAMER_GRIA1_pc(495485.7514970548);cplx_HOMOTRIMER_P2RX1_pc(216904.1723351131);cplx_HOMOTRIMER_P2RX2_pc(240958.6758341522);cplx_HOMOTRIMER_P2RX7_pc(297632.9379483869);cplx_HOMOHEPTAMER_PANX1_pc(430207.3936944364);cplx_HOMOTRIMER_PIEZO1_pc(870210.160190862);cplx_MONOMER_TMEM109_pc(63470.68630559252);cplx_HOMODIMER_TRPC6_pc(305027.78023543546);cplx_HOMOTETRAMER_TRPV2_pc(437418.37792577647);cplx_HOMODIMER_VDAC1_pc(120375.5423249257)	377559.5462578016;495485.7514970548;216904.1723351131;240958.6758341522;297632.9379483869;430207.3936944364;870210.160190862;63470.68630559252;305027.78023543546;437418.37792577647;120375.5423249257	234000.0
enzyme_CA2t_rev_pc	enzyme_CA2t_rev	cplx_MONOMER_CACNA1A_pc;cplx_HOMOTETRAMER_GRIA1_pc;cplx_HOMOTRIMER_P2RX1_pc;cplx_HOMOTRIMER_P2RX2_pc;cplx_HOMOTRIMER_P2RX7_pc;cplx_HOMOHEPTAMER_PANX1_pc;cplx_HOMOTRIMER_PIEZO1_pc;cplx_MONOMER_TMEM109_pc;cplx_HOMODIMER_TRPC6_pc;cplx_HOMOTETRAMER_TRPV2_pc;cplx_HOMODIMER_VDAC1_pc	CA2t	reverse	pc	cplx_MONOMER_CACNA1A_pc(0);cplx_HOMOTETRAMER_GRIA1_pc(0);cplx_HOMOTRIMER_P2RX1_pc(0);cplx_HOMOTRIMER_P2RX2_pc(0);cplx_HOMOTRIMER_P2RX7_pc(0);cplx_HOMOHEPTAMER_PANX1_pc(0);cplx_HOMOTRIMER_PIEZO1_pc(0);cplx_MONOMER_TMEM109_pc(0);cplx_HOMODIMER_TRPC6_pc(0);cplx_HOMOTETRAMER_TRPV2_pc(0);cplx_HOMODIMER_VDAC1_pc(0)	0;0;0;0;0;0;0;0;0;0;0	234000.0
enzyme_HB23DPGB_fwd_pc	enzyme_HB23DPGB_fwd	cplx_MONOMER_HBA_pc;cplx_MONOMER_HBB_pc;cplx_MONOMER_HBD_pc;cplx_MONOMER_HBE1_pc;cplx_MONOMER_HBG1_pc;cplx_MONOMER_HBG2_pc;cplx_MONOMER_HBM_pc;cplx_MONOMER_HBQ1_pc;cplx_MONOMER_HBZ_pc	HB23DPGB	forward	pc	cplx_MONOMER_HBA_pc(42292.8812790456);cplx_MONOMER_HBB_pc(43817.49918712348);cplx_MONOMER_HBD_pc(43938.835865924244);cplx_MONOMER_HBE1_pc(44242.94982181746);cplx_MONOMER_HBG1_pc(44084.308211116026);cplx_MONOMER_HBG2_pc(44080.2652606877);cplx_MONOMER_HBM_pc(43029.73990044327);cplx_MONOMER_HBQ1_pc(42807.804192869735);cplx_MONOMER_HBZ_pc(43077.163325190406)	42292.8812790456;43817.49918712348;43938.835865924244;44242.94982181746;44084.308211116026;44080.2652606877;43029.73990044327;42807.804192869735;43077.163325190406	234000.0
enzyme_HB23DPGB_rev_pc	enzyme_HB23DPGB_rev	cplx_MONOMER_HBA_pc;cplx_MONOMER_HBB_pc;cplx_MONOMER_HBD_pc;cplx_MONOMER_HBE1_pc;cplx_MONOMER_HBG1_pc;cplx_MONOMER_HBG2_pc;cplx_MONOMER_HBM_pc;cplx_MONOMER_HBQ1_pc;cplx_MONOMER_HBZ_pc	HB23DPGB	reverse	pc	cplx_MONOMER_HBA_pc(42292.8812790456);cplx_MONOMER_HBB_pc(43817.49918712348);cplx_MONOMER_HBD_pc(43938.835865924244);cplx_MONOMER_HBE1_pc(44242.94982181746);cplx_MONOMER_HBG1_pc(44084.308211116026);cplx_MONOMER_HBG2_pc(44080.2652606877);cplx_MONOMER_HBM_pc(43029.73990044327);cplx_MONOMER_HBQ1_pc(42807.804192869735);cplx_MONOMER_HBZ_pc(43077.163325190406)	42292.8812790456;43817.49918712348;43938.835865924244;44242.94982181746;44084.308211116026;44080.2652606877;43029.73990044327;42807.804192869735;43077.163325190406	234000.0
enzyme_HBO2B1_fwd_pc	enzyme_HBO2B1_fwd	cplx_MONOMER_HBA_pc;cplx_MONOMER_HBB_pc;cplx_MONOMER_HBD_pc;cplx_MONOMER_HBE1_pc;cplx_MONOMER_HBG1_pc;cplx_MONOMER_HBG2_pc;cplx_MONOMER_HBM_pc;cplx_MONOMER_HBQ1_pc;cplx_MONOMER_HBZ_pc	HBO2B1	forward	pc	cplx_MONOMER_HBA_pc(42292.8812790456);cplx_MONOMER_HBB_pc(43817.49918712348);cplx_MONOMER_HBD_pc(43938.835865924244);cplx_MONOMER_HBE1_pc(44242.94982181746);cplx_MONOMER_HBG1_pc(44084.308211116026);cplx_MONOMER_HBG2_pc(44080.2652606877);cplx_MONOMER_HBM_pc(43029.73990044327);cplx_MONOMER_HBQ1_pc(42807.804192869735);cplx_MONOMER_HBZ_pc(43077.163325190406)	42292.8812790456;43817.49918712348;43938.835865924244;44242.94982181746;44084.308211116026;44080.2652606877;43029.73990044327;42807.804192869735;43077.163325190406	234000.0
enzyme_HBO2B1_rev_pc	enzyme_HBO2B1_rev	cplx_MONOMER_HBA_pc;cplx_MONOMER_HBB_pc;cplx_MONOMER_HBD_pc;cplx_MONOMER_HBE1_pc;cplx_MONOMER_HBG1_pc;cplx_MONOMER_HBG2_pc;cplx_MONOMER_HBM_pc;cplx_MONOMER_HBQ1_pc;cplx_MONOMER_HBZ_pc	HBO2B1	reverse	pc	cplx_MONOMER_HBA_pc(42292.8812790456);cplx_MONOMER_HBB_pc(43817.49918712348);cplx_MONOMER_HBD_pc(43938.835865924244);cplx_MONOMER_HBE1_pc(44242.94982181746);cplx_MONOMER_HBG1_pc(44084.308211116026);cplx_MONOMER_HBG2_pc(44080.2652606877);cplx_MONOMER_HBM_pc(43029.73990044327);cplx_MONOMER_HBQ1_pc(42807.804192869735);cplx_MONOMER_HBZ_pc(43077.163325190406)	42292.8812790456;43817.49918712348;43938.835865924244;44242.94982181746;44084.308211116026;44080.2652606877;43029.73990044327;42807.804192869735;43077.163325190406	234000.0
enzyme_HBO2B2_fwd_pc	enzyme_HBO2B2_fwd	cplx_MONOMER_HBA_pc;cplx_MONOMER_HBB_pc;cplx_MONOMER_HBD_pc;cplx_MONOMER_HBE1_pc;cplx_MONOMER_HBG1_pc;cplx_MONOMER_HBG2_pc;cplx_MONOMER_HBM_pc;cplx_MONOMER_HBQ1_pc;cplx_MONOMER_HBZ_pc	HBO2B2	forward	pc	cplx_MONOMER_HBA_pc(42292.8812790456);cplx_MONOMER_HBB_pc(43817.49918712348);cplx_MONOMER_HBD_pc(43938.835865924244);cplx_MONOMER_HBE1_pc(44242.94982181746);cplx_MONOMER_HBG1_pc(44084.308211116026);cplx_MONOMER_HBG2_pc(44080.2652606877);cplx_MONOMER_HBM_pc(43029.73990044327);cplx_MONOMER_HBQ1_pc(42807.804192869735);cplx_MONOMER_HBZ_pc(43077.163325190406)	42292.8812790456;43817.49918712348;43938.835865924244;44242.94982181746;44084.308211116026;44080.2652606877;43029.73990044327;42807.804192869735;43077.163325190406	234000.0
enzyme_HBO2B2_rev_pc	enzyme_HBO2B2_rev	cplx_MONOMER_HBA_pc;cplx_MONOMER_HBB_pc;cplx_MONOMER_HBD_pc;cplx_MONOMER_HBE1_pc;cplx_MONOMER_HBG1_pc;cplx_MONOMER_HBG2_pc;cplx_MONOMER_HBM_pc;cplx_MONOMER_HBQ1_pc;cplx_MONOMER_HBZ_pc	HBO2B2	reverse	pc	cplx_MONOMER_HBA_pc(42292.8812790456);cplx_MONOMER_HBB_pc(43817.49918712348);cplx_MONOMER_HBD_pc(43938.835865924244);cplx_MONOMER_HBE1_pc(44242.94982181746);cplx_MONOMER_HBG1_pc(44084.308211116026);cplx_MONOMER_HBG2_pc(44080.2652606877);cplx_MONOMER_HBM_pc(43029.73990044327);cplx_MONOMER_HBQ1_pc(42807.804192869735);cplx_MONOMER_HBZ_pc(43077.163325190406)	42292.8812790456;43817.49918712348;43938.835865924244;44242.94982181746;44084.308211116026;44080.2652606877;43029.73990044327;42807.804192869735;43077.163325190406	234000.0
enzyme_OXYHBAOX_fwd_pc	enzyme_OXYHBAOX_fwd	cplx_MONOMER_HBA_pc;cplx_MONOMER_HBB_pc;cplx_MONOMER_HBD_pc;cplx_MONOMER_HBE1_pc;cplx_MONOMER_HBG1_pc;cplx_MONOMER_HBG2_pc;cplx_MONOMER_HBM_pc;cplx_MONOMER_HBQ1_pc;cplx_MONOMER_HBZ_pc	OXYHBAOX	forward	pc	cplx_MONOMER_HBA_pc(42292.8812790456);cplx_MONOMER_HBB_pc(43817.49918712348);cplx_MONOMER_HBD_pc(43938.835865924244);cplx_MONOMER_HBE1_pc(44242.94982181746);cplx_MONOMER_HBG1_pc(44084.308211116026);cplx_MONOMER_HBG2_pc(44080.2652606877);cplx_MONOMER_HBM_pc(43029.73990044327);cplx_MONOMER_HBQ1_pc(42807.804192869735);cplx_MONOMER_HBZ_pc(43077.163325190406)	42292.8812790456;43817.49918712348;43938.835865924244;44242.94982181746;44084.308211116026;44080.2652606877;43029.73990044327;42807.804192869735;43077.163325190406	234000.0
enzyme_OXYHBAOX_rev_pc	enzyme_OXYHBAOX_rev	cplx_MONOMER_HBA_pc;cplx_MONOMER_HBB_pc;cplx_MONOMER_HBD_pc;cplx_MONOMER_HBE1_pc;cplx_MONOMER_HBG1_pc;cplx_MONOMER_HBG2_pc;cplx_MONOMER_HBM_pc;cplx_MONOMER_HBQ1_pc;cplx_MONOMER_HBZ_pc	OXYHBAOX	reverse	pc	cplx_MONOMER_HBA_pc(0);cplx_MONOMER_HBB_pc(0);cplx_MONOMER_HBD_pc(0);cplx_MONOMER_HBE1_pc(0);cplx_MONOMER_HBG1_pc(0);cplx_MONOMER_HBG2_pc(0);cplx_MONOMER_HBM_pc(0);cplx_MONOMER_HBQ1_pc(0);cplx_MONOMER_HBZ_pc(0)	0;0;0;0;0;0;0;0;0	234000.0
enzyme_HEX1_fwd_pc	enzyme_HEX1_fwd	cplx_MONOMER_HK1_pc;cplx_MONOMER_HK3_pc	HEX1	forward	pc	cplx_MONOMER_HK1_pc(176064.53501631628);cplx_MONOMER_HK3_pc(171921.97731998898)	176064.53501631628;171921.97731998898	234000.0
enzyme_HEX1_rev_pc	enzyme_HEX1_rev	cplx_MONOMER_HK1_pc;cplx_MONOMER_HK3_pc	HEX1	reverse	pc	cplx_MONOMER_HK1_pc(0);cplx_MONOMER_HK3_pc(0)	0;0	234000.0
enzyme_PGK_fwd_pc	enzyme_PGK_fwd	cplx_MONOMER_PGK1_pc;cplx_MONOMER_PGK2_pc	PGK	forward	pc	cplx_MONOMER_PGK1_pc(94567.41819377182);cplx_MONOMER_PGK2_pc(94860.49526016862)	94567.41819377182;94860.49526016862	234000.0
enzyme_PGK_rev_pc	enzyme_PGK_rev	cplx_MONOMER_PGK1_pc;cplx_MONOMER_PGK2_pc	PGK	reverse	pc	cplx_MONOMER_PGK1_pc(94567.41819377182);cplx_MONOMER_PGK2_pc(94860.49526016862)	94567.41819377182;94860.49526016862	234000.0
enzyme_PGL_fwd_pc	enzyme_PGL_fwd	cplx_MONOMER_PGLS_pc	PGL	forward	pc	cplx_MONOMER_PGLS_pc(65857.47697691632)	65857.47697691632	234000.0
enzyme_PGL_rev_pc	enzyme_PGL_rev	cplx_MONOMER_PGLS_pc	PGL	reverse	pc	cplx_MONOMER_PGLS_pc(65857.47697691632)	65857.47697691632	234000.0
enzyme_PPM_fwd_pc	enzyme_PPM_fwd	cplx_MONOMER_PGM2_pc	PPM	forward	pc	cplx_MONOMER_PGM2_pc(130113.67812927136)	130113.67812927136	234000.0
enzyme_PPM_rev_pc	enzyme_PPM_rev	cplx_MONOMER_PGM2_pc	PPM	reverse	pc	cplx_MONOMER_PGM2_pc(130113.67812927136)	130113.67812927136	234000.0
enzyme_ADNt_fwd_pc	enzyme_ADNt_fwd	cplx_MONOMER_SLC29A1_pc	ADNt	forward	pc	cplx_MONOMER_SLC29A1_pc(103346.8774821532)	103346.8774821532	234000.0
enzyme_ADNt_rev_pc	enzyme_ADNt_rev	cplx_MONOMER_SLC29A1_pc	ADNt	reverse	pc	cplx_MONOMER_SLC29A1_pc(103346.8774821532)	103346.8774821532	234000.0
enzyme_INSt_fwd_pc	enzyme_INSt_fwd	cplx_MONOMER_SLC29A1_pc	INSt	forward	pc	cplx_MONOMER_SLC29A1_pc(103346.8774821532)	103346.8774821532	234000.0
enzyme_INSt_rev_pc	enzyme_INSt_rev	cplx_MONOMER_SLC29A1_pc	INSt	reverse	pc	cplx_MONOMER_SLC29A1_pc(103346.8774821532)	103346.8774821532	234000.0
enzyme_ADEt_fwd_pc	enzyme_ADEt_fwd	cplx_MONOMER_SLC29A1_pc;cplx_MONOMER_SLC43A3_pc	ADEt	forward	pc	cplx_MONOMER_SLC29A1_pc(103346.8774821532);cplx_MONOMER_SLC43A3_pc(109931.59922629895)	103346.8774821532;109931.59922629895	234000.0
enzyme_ADEt_rev_pc	enzyme_ADEt_rev	cplx_MONOMER_SLC29A1_pc;cplx_MONOMER_SLC43A3_pc	ADEt	reverse	pc	cplx_MONOMER_SLC29A1_pc(103346.8774821532);cplx_MONOMER_SLC43A3_pc(109931.59922629895)	103346.8774821532;109931.59922629895	234000.0
enzyme_HYXNt_fwd_pc	enzyme_HYXNt_fwd	cplx_MONOMER_SLC29A1_pc;cplx_MONOMER_SLC43A3_pc	HYXNt	forward	pc	cplx_MONOMER_SLC29A1_pc(103346.8774821532);cplx_MONOMER_SLC43A3_pc(109931.59922629895)	103346.8774821532;109931.59922629895	234000.0
enzyme_HYXNt_rev_pc	enzyme_HYXNt_rev	cplx_MONOMER_SLC29A1_pc;cplx_MONOMER_SLC43A3_pc	HYXNt	reverse	pc	cplx_MONOMER_SLC29A1_pc(103346.8774821532);cplx_MONOMER_SLC43A3_pc(109931.59922629895)	103346.8774821532;109931.59922629895	234000.0
